capacity_id,restaurant_id,day_of_week,start_time,end_time,max_capacity,created_at,updated_at
9ca9ad33-bd94-4c31-b389-2e6cf7a4a354,5c297d4b-ef79-41ca-8694-3470ef745d70,0,11:00,14:00,58,2026-05-13T10:16:53Z,2026-04-28T00:16:53Z
8b591b31-a579-4ba2-a09d-0f53d7a65582,5c297d4b-ef79-41ca-8694-3470ef745d70,0,17:00,22:00,76,2026-05-13T10:16:53Z,2026-04-28T00:16:53Z
910a64b2-ca3c-403d-8011-0aaf2e674ca5,5c297d4b-ef79-41ca-8694-3470ef745d70,1,11:00,14:00,49,2026-05-13T10:16:53Z,2026-04-28T00:16:53Z
3bacf53b-e364-4857-b719-ef1c77f24cac,5c297d4b-ef79-41ca-8694-3470ef745d70,1,17:00,22:00,77,2026-05-13T10:16:53Z,2026-04-28T00:16:53Z
84a60c01-0c6a-4335-9ee7-7bf8053f9d47,5c297d4b-ef79-41ca-8694-3470ef745d70,2,11:00,14:00,48,2026-05-13T10:16:53Z,2026-04-28T00:16:53Z
40c729a6-c8c5-42a8-9c91-7651e14f171f,5c297d4b-ef79-41ca-8694-3470ef745d70,2,17:00,22:00,70,2026-05-13T10:16:53Z,2026-04-28T00:16:53Z
5e4f9066-3a5f-484d-b64a-1e5c0226eb0e,5c297d4b-ef79-41ca-8694-3470ef745d70,3,11:00,14:00,36,2026-05-13T10:16:53Z,2026-04-28T00:16:53Z
c2d3c3be-841e-440a-9154-9cba1836713e,5c297d4b-ef79-41ca-8694-3470ef745d70,3,17:00,22:00,75,2026-05-13T10:16:53Z,2026-04-28T00:16:53Z
9d4cd0c9-b8fd-412c-8585-499dba20caf0,5c297d4b-ef79-41ca-8694-3470ef745d70,4,11:00,14:00,38,2026-05-13T10:16:53Z,2026-04-28T00:16:53Z
550390cc-5500-4016-a783-621cecc90f94,5c297d4b-ef79-41ca-8694-3470ef745d70,4,17:00,22:00,56,2026-05-13T10:16:53Z,2026-04-28T00:16:53Z
223a278a-4339-446b-9c1c-612d8e065e48,5c297d4b-ef79-41ca-8694-3470ef745d70,5,11:00,14:00,56,2026-05-13T10:16:53Z,2026-04-28T00:16:53Z
c8cc1be0-0b88-411a-bcae-2e6c073f9853,5c297d4b-ef79-41ca-8694-3470ef745d70,5,17:00,22:00,69,2026-05-13T10:16:53Z,2026-04-28T00:16:53Z
7ae95769-9bcc-4cf2-b18f-6e04fbe7bcff,5c297d4b-ef79-41ca-8694-3470ef745d70,6,11:00,14:00,47,2026-05-13T10:16:53Z,2026-04-28T00:16:53Z
5eddbe6a-5352-473f-bef5-09c2b18753f9,5c297d4b-ef79-41ca-8694-3470ef745d70,6,17:00,22:00,57,2026-05-13T10:16:53Z,2026-04-28T00:16:53Z
613c59f7-b884-4e17-8006-582833c97254,54adba30-9e56-4161-8ecc-a04c872b025a,0,11:00,14:00,50,2026-05-13T10:16:53Z,2026-04-28T00:16:53Z
c2b9c685-f3ef-47f9-bb27-c964704a941b,54adba30-9e56-4161-8ecc-a04c872b025a,0,17:00,22:00,68,2026-05-13T10:16:53Z,2026-04-28T00:16:53Z
0d1f688a-5f53-4c7d-b536-4950d448c928,54adba30-9e56-4161-8ecc-a04c872b025a,1,11:00,14:00,58,2026-05-13T10:16:53Z,2026-04-28T00:16:53Z
2d924006-9b57-4d40-9336-e6fe86f0dc12,54adba30-9e56-4161-8ecc-a04c872b025a,1,17:00,22:00,51,2026-05-13T10:16:53Z,2026-04-28T00:16:53Z
d9e6b2ae-97be-4b89-a111-fc9c719d529a,54adba30-9e56-4161-8ecc-a04c872b025a,2,11:00,14:00,60,2026-05-13T10:16:53Z,2026-04-28T00:16:53Z
11397e27-acf5-4684-8ce7-a048e3442d63,54adba30-9e56-4161-8ecc-a04c872b025a,2,17:00,22:00,75,2026-05-13T10:16:53Z,2026-04-28T00:16:53Z
22c4d55e-ee0f-450a-9346-aeca4fcbdc33,54adba30-9e56-4161-8ecc-a04c872b025a,3,11:00,14:00,44,2026-05-13T10:16:53Z,2026-04-28T00:16:53Z
dc59c3c0-2ce4-4399-bba0-b31784061a76,54adba30-9e56-4161-8ecc-a04c872b025a,3,17:00,22:00,63,2026-05-13T10:16:53Z,2026-04-28T00:16:53Z
ad07389c-a8b2-4d28-abe4-a210c03ce88f,54adba30-9e56-4161-8ecc-a04c872b025a,4,11:00,14:00,56,2026-05-13T10:16:53Z,2026-04-28T00:16:53Z
52b5c6eb-6288-4df7-9ff9-b5a02479ab84,54adba30-9e56-4161-8ecc-a04c872b025a,4,17:00,22:00,66,2026-05-13T10:16:53Z,2026-04-28T00:16:53Z
99eb14b7-9c64-4d3f-81dd-1212820c3375,54adba30-9e56-4161-8ecc-a04c872b025a,5,11:00,14:00,55,2026-05-13T10:16:53Z,2026-04-28T00:16:53Z
596b2f14-b5ea-4b39-8682-2df2400e9912,54adba30-9e56-4161-8ecc-a04c872b025a,5,17:00,22:00,70,2026-05-13T10:16:53Z,2026-04-28T00:16:53Z
8757d4a5-88ad-4920-8fa6-b2580522274b,54adba30-9e56-4161-8ecc-a04c872b025a,6,11:00,14:00,43,2026-05-13T10:16:53Z,2026-04-28T00:16:53Z
358c1dc8-8b3b-44bf-9775-813ef316ce53,54adba30-9e56-4161-8ecc-a04c872b025a,6,17:00,22:00,51,2026-05-13T10:16:53Z,2026-04-28T00:16:53Z
d47d25b4-b219-43ab-ad7f-a91c9cfe470b,34ddcfa4-8895-4e55-bf2b-21f147acf9a0,0,11:00,14:00,46,2026-05-13T10:16:53Z,2026-04-28T00:16:53Z
d1071644-be8b-41c5-a0c9-7ab7f62aa988,34ddcfa4-8895-4e55-bf2b-21f147acf9a0,0,17:00,22:00,70,2026-05-13T10:16:53Z,2026-04-28T00:16:53Z
5dacaf25-20ef-4983-90da-742221fc10fe,34ddcfa4-8895-4e55-bf2b-21f147acf9a0,1,11:00,14:00,36,2026-05-13T10:16:53Z,2026-04-28T00:16:53Z
33c11f31-8a9f-4220-90f8-acbef3bccb5a,34ddcfa4-8895-4e55-bf2b-21f147acf9a0,1,17:00,22:00,51,2026-05-13T10:16:53Z,2026-04-28T00:16:53Z
ea97792f-d63b-4a9f-917c-1fc16b850d9c,34ddcfa4-8895-4e55-bf2b-21f147acf9a0,2,11:00,14:00,58,2026-05-13T10:16:53Z,2026-04-28T00:16:53Z
4f62e717-0c68-4968-bb82-51f2bfefc7d0,34ddcfa4-8895-4e55-bf2b-21f147acf9a0,2,17:00,22:00,61,2026-05-13T10:16:53Z,2026-04-28T00:16:53Z
649d24e1-11ec-41c0-8c69-3c075fe03660,34ddcfa4-8895-4e55-bf2b-21f147acf9a0,3,11:00,14:00,50,2026-05-13T10:16:53Z,2026-04-28T00:16:53Z
b1602fe5-3781-45e1-a723-298492d73067,34ddcfa4-8895-4e55-bf2b-21f147acf9a0,3,17:00,22:00,76,2026-05-13T10:16:53Z,2026-04-28T00:16:53Z
b1784e07-c4b6-4300-ae88-6b09c4e87777,34ddcfa4-8895-4e55-bf2b-21f147acf9a0,4,11:00,14:00,35,2026-05-13T10:16:53Z,2026-04-28T00:16:53Z
e49a7d12-c67b-4f86-9f61-391fa5dd085e,34ddcfa4-8895-4e55-bf2b-21f147acf9a0,4,17:00,22:00,52,2026-05-13T10:16:53Z,2026-04-28T00:16:53Z
2681f0e7-f87f-45c9-9c6b-a87898838750,34ddcfa4-8895-4e55-bf2b-21f147acf9a0,5,11:00,14:00,36,2026-05-13T10:16:53Z,2026-04-28T00:16:53Z
88e533c5-457e-45fd-b187-ebbf4116698f,34ddcfa4-8895-4e55-bf2b-21f147acf9a0,5,17:00,22:00,61,2026-05-13T10:16:53Z,2026-04-28T00:16:53Z
2944bb20-7dd8-4693-8afd-07816cac819c,34ddcfa4-8895-4e55-bf2b-21f147acf9a0,6,11:00,14:00,41,2026-05-13T10:16:53Z,2026-04-28T00:16:53Z
ea838fb9-abb0-46a4-8dc3-73110275cce4,34ddcfa4-8895-4e55-bf2b-21f147acf9a0,6,17:00,22:00,58,2026-05-13T10:16:53Z,2026-04-28T00:16:53Z
adc1082a-87d1-41ea-84f1-bccd2156ceeb,0437c85a-ea0e-4bfb-a34a-acf718ac0025,0,11:00,14:00,46,2026-05-13T10:16:53Z,2026-04-28T00:16:53Z
bd2e48ff-7fb2-47d6-ae8d-5607bac71839,0437c85a-ea0e-4bfb-a34a-acf718ac0025,0,17:00,22:00,77,2026-05-13T10:16:53Z,2026-04-28T00:16:53Z
70689e3e-097b-4ad4-b1e6-e5159ee14ead,0437c85a-ea0e-4bfb-a34a-acf718ac0025,1,11:00,14:00,48,2026-05-13T10:16:53Z,2026-04-28T00:16:53Z
02ac2ace-5d7f-4599-9892-c589235d22e5,0437c85a-ea0e-4bfb-a34a-acf718ac0025,1,17:00,22:00,64,2026-05-13T10:16:53Z,2026-04-28T00:16:53Z
27bee8ca-86a2-4f4d-a52e-31c879f6bf92,0437c85a-ea0e-4bfb-a34a-acf718ac0025,2,11:00,14:00,32,2026-05-13T10:16:53Z,2026-04-28T00:16:53Z
ebeb4747-955e-419e-8090-62b5cde525c8,0437c85a-ea0e-4bfb-a34a-acf718ac0025,2,17:00,22:00,59,2026-05-13T10:16:53Z,2026-04-28T00:16:53Z
c3f4a438-4fbc-4014-a00c-acb6d9426f9e,0437c85a-ea0e-4bfb-a34a-acf718ac0025,3,11:00,14:00,52,2026-05-13T10:16:53Z,2026-04-28T00:16:53Z
6cf63c7d-4905-45a8-96d7-967efa26103b,0437c85a-ea0e-4bfb-a34a-acf718ac0025,3,17:00,22:00,70,2026-05-13T10:16:53Z,2026-04-28T00:16:53Z
1ee2335a-4097-4430-9887-d75587f9db4e,0437c85a-ea0e-4bfb-a34a-acf718ac0025,4,11:00,14:00,38,2026-05-13T10:16:53Z,2026-04-28T00:16:53Z
31d3a9cc-9722-47ae-84fc-ac29186812e5,0437c85a-ea0e-4bfb-a34a-acf718ac0025,4,17:00,22:00,78,2026-05-13T10:16:53Z,2026-04-28T00:16:53Z
d166b0aa-743e-4ff9-9c8b-16c2b4d008f9,0437c85a-ea0e-4bfb-a34a-acf718ac0025,5,11:00,14:00,35,2026-05-13T10:16:53Z,2026-04-28T00:16:53Z
eff2ea30-fc89-44d5-93c0-16138953e45e,0437c85a-ea0e-4bfb-a34a-acf718ac0025,5,17:00,22:00,78,2026-05-13T10:16:53Z,2026-04-28T00:16:53Z
c69f8be0-d791-442a-b0a1-b47dcdd33fad,0437c85a-ea0e-4bfb-a34a-acf718ac0025,6,11:00,14:00,59,2026-05-13T10:16:53Z,2026-04-28T00:16:53Z
94ab4440-8acc-4063-9d34-a60032ed5ee6,0437c85a-ea0e-4bfb-a34a-acf718ac0025,6,17:00,22:00,61,2026-05-13T10:16:53Z,2026-04-28T00:16:53Z
978876bd-5388-4894-99af-ee955c3dcd98,fbfcce1d-4268-4e87-86a5-1aef5ce65d2e,0,11:00,14:00,37,2026-05-13T10:16:53Z,2026-04-28T00:16:53Z
59c8edf0-261a-4382-835c-8628ac561123,fbfcce1d-4268-4e87-86a5-1aef5ce65d2e,0,17:00,22:00,74,2026-05-13T10:16:53Z,2026-04-28T00:16:53Z
8b79128b-ef45-4a53-b09f-0186cd1200d4,fbfcce1d-4268-4e87-86a5-1aef5ce65d2e,1,11:00,14:00,55,2026-05-13T10:16:53Z,2026-04-28T00:16:53Z
43994600-b611-428f-91f1-4d477c73e993,fbfcce1d-4268-4e87-86a5-1aef5ce65d2e,1,17:00,22:00,62,2026-05-13T10:16:53Z,2026-04-28T00:16:53Z
b30e1cb7-c57d-4695-8703-ee53b391e246,fbfcce1d-4268-4e87-86a5-1aef5ce65d2e,2,11:00,14:00,54,2026-05-13T10:16:53Z,2026-04-28T00:16:53Z
6335273a-d6e3-4490-bade-daa9de4e400c,fbfcce1d-4268-4e87-86a5-1aef5ce65d2e,2,17:00,22:00,52,2026-05-13T10:16:53Z,2026-04-28T00:16:53Z
5a4eaac7-d8a7-48d3-a456-0c42f8859fc7,fbfcce1d-4268-4e87-86a5-1aef5ce65d2e,3,11:00,14:00,31,2026-05-13T10:16:53Z,2026-04-28T00:16:53Z
c5305c4d-5e9a-4d62-b52d-884fdc80d3a0,fbfcce1d-4268-4e87-86a5-1aef5ce65d2e,3,17:00,22:00,72,2026-05-13T10:16:53Z,2026-04-28T00:16:53Z
a3701ae6-a46a-4aad-9067-510dbfdff5f1,fbfcce1d-4268-4e87-86a5-1aef5ce65d2e,4,11:00,14:00,44,2026-05-13T10:16:53Z,2026-04-28T00:16:53Z
e2085103-a1a5-41cb-aede-a714cc680fbb,fbfcce1d-4268-4e87-86a5-1aef5ce65d2e,4,17:00,22:00,56,2026-05-13T10:16:53Z,2026-04-28T00:16:53Z
624876ea-3cff-464c-aa2b-97372d43c368,fbfcce1d-4268-4e87-86a5-1aef5ce65d2e,5,11:00,14:00,32,2026-05-13T10:16:53Z,2026-04-28T00:16:53Z
9654e3c3-1936-4624-a5a6-9994164ef8b0,fbfcce1d-4268-4e87-86a5-1aef5ce65d2e,5,17:00,22:00,51,2026-05-13T10:16:53Z,2026-04-28T00:16:53Z
7256977e-b51a-4cb7-af31-f118e6ed0ee0,fbfcce1d-4268-4e87-86a5-1aef5ce65d2e,6,11:00,14:00,36,2026-05-13T10:16:53Z,2026-04-28T00:16:53Z
72017438-3f60-49f4-a91f-219a9f274806,fbfcce1d-4268-4e87-86a5-1aef5ce65d2e,6,17:00,22:00,69,2026-05-13T10:16:53Z,2026-04-28T00:16:53Z
a167804b-205d-4e6d-8bb7-cbfb12920740,d159f85e-202b-46e3-bb9d-3cce31f920b2,0,11:00,14:00,47,2026-05-13T10:16:53Z,2026-04-28T00:16:53Z
db9ac20f-3cf2-49e9-9d90-a95c777111d2,d159f85e-202b-46e3-bb9d-3cce31f920b2,0,17:00,22:00,57,2026-05-13T10:16:53Z,2026-04-28T00:16:53Z
cb651f50-b2e3-49d6-a102-e55ace9ee3fc,d159f85e-202b-46e3-bb9d-3cce31f920b2,1,11:00,14:00,33,2026-05-13T10:16:53Z,2026-04-28T00:16:53Z
8f786553-3c8a-410e-aa4e-2a9ec8c36102,d159f85e-202b-46e3-bb9d-3cce31f920b2,1,17:00,22:00,64,2026-05-13T10:16:53Z,2026-04-28T00:16:53Z
659ed04e-2bdd-4cd7-9a6d-d3085b3874b4,d159f85e-202b-46e3-bb9d-3cce31f920b2,2,11:00,14:00,56,2026-05-13T10:16:53Z,2026-04-28T00:16:53Z
61dd7a39-63d1-472e-bafc-37db895f68de,d159f85e-202b-46e3-bb9d-3cce31f920b2,2,17:00,22:00,61,2026-05-13T10:16:53Z,2026-04-28T00:16:53Z
c576cc60-9c27-4cb2-98b9-695a9315901b,d159f85e-202b-46e3-bb9d-3cce31f920b2,3,11:00,14:00,31,2026-05-13T10:16:53Z,2026-04-28T00:16:53Z
836ed669-6854-41d9-a52a-6be826f5500f,d159f85e-202b-46e3-bb9d-3cce31f920b2,3,17:00,22:00,61,2026-05-13T10:16:53Z,2026-04-28T00:16:53Z
5423877b-ff87-479e-9645-a2f94847fa06,d159f85e-202b-46e3-bb9d-3cce31f920b2,4,11:00,14:00,48,2026-05-13T10:16:53Z,2026-04-28T00:16:53Z
a8fcbe8d-ae02-415b-8383-96e5d88b1a6b,d159f85e-202b-46e3-bb9d-3cce31f920b2,4,17:00,22:00,52,2026-05-13T10:16:53Z,2026-04-28T00:16:53Z
0111b51d-c1ca-4049-b3f9-997d55f8d76a,d159f85e-202b-46e3-bb9d-3cce31f920b2,5,11:00,14:00,35,2026-05-13T10:16:53Z,2026-04-28T00:16:53Z
941bd36c-0b36-4250-a493-144371ed3205,d159f85e-202b-46e3-bb9d-3cce31f920b2,5,17:00,22:00,77,2026-05-13T10:16:53Z,2026-04-28T00:16:53Z
eb7baddb-1d49-4da7-8989-27170ec11eaa,d159f85e-202b-46e3-bb9d-3cce31f920b2,6,11:00,14:00,39,2026-05-13T10:16:53Z,2026-04-28T00:16:53Z
57e2ff54-f07e-46c7-a4fc-d669b1449c63,d159f85e-202b-46e3-bb9d-3cce31f920b2,6,17:00,22:00,80,2026-05-13T10:16:53Z,2026-04-28T00:16:53Z
d23ece59-b22c-483c-bdc5-47543e4525b4,0c9ea858-f40f-4042-a6ee-cda02d9fe9ce,0,11:00,14:00,51,2026-05-13T10:16:53Z,2026-04-28T00:16:53Z
f54e8a14-c9e1-4f85-821a-474fb2500b33,0c9ea858-f40f-4042-a6ee-cda02d9fe9ce,0,17:00,22:00,71,2026-05-13T10:16:53Z,2026-04-28T00:16:53Z
adcbe4d0-9ec7-4350-8cb9-daf7772b4bda,0c9ea858-f40f-4042-a6ee-cda02d9fe9ce,1,11:00,14:00,30,2026-05-13T10:16:53Z,2026-04-28T00:16:53Z
1d55d8c0-0e04-4a08-9eb6-f2d5917703a9,0c9ea858-f40f-4042-a6ee-cda02d9fe9ce,1,17:00,22:00,80,2026-05-13T10:16:53Z,2026-04-28T00:16:53Z
e6e8b274-d736-4f01-858d-0b18b7402ef5,0c9ea858-f40f-4042-a6ee-cda02d9fe9ce,2,11:00,14:00,49,2026-05-13T10:16:53Z,2026-04-28T00:16:53Z
c62a834c-2d54-4f54-9353-2059df87c078,0c9ea858-f40f-4042-a6ee-cda02d9fe9ce,2,17:00,22:00,65,2026-05-13T10:16:53Z,2026-04-28T00:16:53Z
2620f5a6-dd53-4d29-861f-e22404c0238e,0c9ea858-f40f-4042-a6ee-cda02d9fe9ce,3,11:00,14:00,48,2026-05-13T10:16:53Z,2026-04-28T00:16:53Z
52fe88d5-9a32-4591-9af3-cee8e2f1a19c,0c9ea858-f40f-4042-a6ee-cda02d9fe9ce,3,17:00,22:00,57,2026-05-13T10:16:53Z,2026-04-28T00:16:53Z
65d118b5-2d86-453c-b875-cb4c5d2b777f,0c9ea858-f40f-4042-a6ee-cda02d9fe9ce,4,11:00,14:00,34,2026-05-13T10:16:53Z,2026-04-28T00:16:53Z
0b11202b-c379-4b71-a86a-d5104db31cc9,0c9ea858-f40f-4042-a6ee-cda02d9fe9ce,4,17:00,22:00,78,2026-05-13T10:16:53Z,2026-04-28T00:16:53Z
ba5d9176-59dc-4d73-a8f0-2bbc3c5667f6,0c9ea858-f40f-4042-a6ee-cda02d9fe9ce,5,11:00,14:00,46,2026-05-13T10:16:53Z,2026-04-28T00:16:53Z
39ecfb3e-dda5-4655-bf57-5c01d8f18367,0c9ea858-f40f-4042-a6ee-cda02d9fe9ce,5,17:00,22:00,57,2026-05-13T10:16:53Z,2026-04-28T00:16:53Z
84f44fe0-cb0f-4ca2-aea3-24a934bef598,0c9ea858-f40f-4042-a6ee-cda02d9fe9ce,6,11:00,14:00,37,2026-05-13T10:16:53Z,2026-04-28T00:16:53Z
79a9ab70-17f9-464d-862c-f64d24d07207,0c9ea858-f40f-4042-a6ee-cda02d9fe9ce,6,17:00,22:00,58,2026-05-13T10:16:53Z,2026-04-28T00:16:53Z
9669c96a-660f-4c31-9e68-9380863c7ec5,cecb0cee-b012-4cd5-b63b-649dd5836558,0,11:00,14:00,46,2026-05-13T10:16:53Z,2026-04-28T00:16:53Z
cf22ea34-a2bb-407d-af66-54e3fdc6d583,cecb0cee-b012-4cd5-b63b-649dd5836558,0,17:00,22:00,53,2026-05-13T10:16:53Z,2026-04-28T00:16:53Z
d086f568-a190-48fd-8d17-c967621bb596,cecb0cee-b012-4cd5-b63b-649dd5836558,1,11:00,14:00,54,2026-05-13T10:16:53Z,2026-04-28T00:16:53Z
5da1bb96-01d4-4973-9d38-eaf2a0f788c5,cecb0cee-b012-4cd5-b63b-649dd5836558,1,17:00,22:00,69,2026-05-13T10:16:53Z,2026-04-28T00:16:53Z
b30e956d-9449-4729-9f41-ec48524ec0ff,cecb0cee-b012-4cd5-b63b-649dd5836558,2,11:00,14:00,37,2026-05-13T10:16:53Z,2026-04-28T00:16:53Z
d4b99717-36bb-46f4-b0f1-ff627ceb6681,cecb0cee-b012-4cd5-b63b-649dd5836558,2,17:00,22:00,51,2026-05-13T10:16:53Z,2026-04-28T00:16:53Z
2c05129a-6f39-4633-875b-97bea4e3cbed,cecb0cee-b012-4cd5-b63b-649dd5836558,3,11:00,14:00,56,2026-05-13T10:16:53Z,2026-04-28T00:16:53Z
b49f84cf-74d1-4477-a4c5-b4d5fa42f869,cecb0cee-b012-4cd5-b63b-649dd5836558,3,17:00,22:00,57,2026-05-13T10:16:53Z,2026-04-28T00:16:53Z
75ce8fb9-f7f8-4501-a514-8478652930c9,cecb0cee-b012-4cd5-b63b-649dd5836558,4,11:00,14:00,51,2026-05-13T10:16:53Z,2026-04-28T00:16:53Z
1e219f4c-9776-4007-88ee-f737a35b5f34,cecb0cee-b012-4cd5-b63b-649dd5836558,4,17:00,22:00,80,2026-05-13T10:16:53Z,2026-04-28T00:16:53Z
fd76d4fd-1f95-4e7a-847f-9e7fe98848bb,cecb0cee-b012-4cd5-b63b-649dd5836558,5,11:00,14:00,30,2026-05-13T10:16:53Z,2026-04-28T00:16:53Z
6fec023d-d8e2-4056-9111-8f43d474d27e,cecb0cee-b012-4cd5-b63b-649dd5836558,5,17:00,22:00,68,2026-05-13T10:16:53Z,2026-04-28T00:16:53Z
6915b021-8425-42a0-a0a1-2d6321d87e2f,cecb0cee-b012-4cd5-b63b-649dd5836558,6,11:00,14:00,47,2026-05-13T10:16:53Z,2026-04-28T00:16:53Z
8806c870-2640-48b4-9001-4a69fce97d13,cecb0cee-b012-4cd5-b63b-649dd5836558,6,17:00,22:00,76,2026-05-13T10:16:53Z,2026-04-28T00:16:53Z
a1901f7c-fbc9-45cd-a1b4-75aec07cdcd7,2d8a8fff-25d0-4cec-825a-c2e9021fd542,0,11:00,14:00,53,2026-05-13T10:16:53Z,2026-04-28T00:16:53Z
a146b326-de58-43fa-8db5-bc4ee763e4c0,2d8a8fff-25d0-4cec-825a-c2e9021fd542,0,17:00,22:00,73,2026-05-13T10:16:53Z,2026-04-28T00:16:53Z
7f7ed96f-28fc-4926-b9e1-749f3a98e7ae,2d8a8fff-25d0-4cec-825a-c2e9021fd542,1,11:00,14:00,55,2026-05-13T10:16:53Z,2026-04-28T00:16:53Z
21cc33a8-4536-42dd-9c47-97caf36bc90f,2d8a8fff-25d0-4cec-825a-c2e9021fd542,1,17:00,22:00,50,2026-05-13T10:16:53Z,2026-04-28T00:16:53Z
52d13d54-b947-40c1-9e64-4a546ff6790d,2d8a8fff-25d0-4cec-825a-c2e9021fd542,2,11:00,14:00,48,2026-05-13T10:16:53Z,2026-04-28T00:16:53Z
b60af177-1352-40f1-a803-c7e90e74f0a6,2d8a8fff-25d0-4cec-825a-c2e9021fd542,2,17:00,22:00,53,2026-05-13T10:16:53Z,2026-04-28T00:16:53Z
96258bf2-c832-49ec-abba-c722ab223ce7,2d8a8fff-25d0-4cec-825a-c2e9021fd542,3,11:00,14:00,34,2026-05-13T10:16:53Z,2026-04-28T00:16:53Z
2584ea8d-b11c-4935-a69a-7a7739f340f2,2d8a8fff-25d0-4cec-825a-c2e9021fd542,3,17:00,22:00,74,2026-05-13T10:16:53Z,2026-04-28T00:16:53Z
61899e90-117b-48b8-a0bd-a6e1ff7f7c3c,2d8a8fff-25d0-4cec-825a-c2e9021fd542,4,11:00,14:00,55,2026-05-13T10:16:53Z,2026-04-28T00:16:53Z
301f3c7e-1826-4685-8324-8de5d4dc92ff,2d8a8fff-25d0-4cec-825a-c2e9021fd542,4,17:00,22:00,65,2026-05-13T10:16:53Z,2026-04-28T00:16:53Z
8b95ff0c-97b0-440e-a94d-d31efec984f7,2d8a8fff-25d0-4cec-825a-c2e9021fd542,5,11:00,14:00,38,2026-05-13T10:16:53Z,2026-04-28T00:16:53Z
91f38107-37a3-4597-8cac-58b0999f43d2,2d8a8fff-25d0-4cec-825a-c2e9021fd542,5,17:00,22:00,51,2026-05-13T10:16:53Z,2026-04-28T00:16:53Z
e8efe2c7-4851-4356-a516-350b263749d5,2d8a8fff-25d0-4cec-825a-c2e9021fd542,6,11:00,14:00,49,2026-05-13T10:16:53Z,2026-04-28T00:16:53Z
f0a9159e-34b9-4a89-979b-b7635a31920d,2d8a8fff-25d0-4cec-825a-c2e9021fd542,6,17:00,22:00,53,2026-05-13T10:16:53Z,2026-04-28T00:16:53Z
f78c9d83-8e2f-492e-9809-c9269b41b857,8fea7445-4c7f-48be-b69e-309f1bdcc4c5,0,11:00,14:00,54,2026-05-13T10:16:53Z,2026-04-28T00:16:53Z
1fe6fd67-726a-4b64-b8c6-e2029d24cd3b,8fea7445-4c7f-48be-b69e-309f1bdcc4c5,0,17:00,22:00,50,2026-05-13T10:16:53Z,2026-04-28T00:16:53Z
59f07b2a-5894-434c-8082-ee803d182c29,8fea7445-4c7f-48be-b69e-309f1bdcc4c5,1,11:00,14:00,36,2026-05-13T10:16:53Z,2026-04-28T00:16:53Z
4d412c94-308c-4903-9c71-9a7a894fcedb,8fea7445-4c7f-48be-b69e-309f1bdcc4c5,1,17:00,22:00,64,2026-05-13T10:16:53Z,2026-04-28T00:16:53Z
fea6e5ee-2788-41be-84d3-78e1c050998c,8fea7445-4c7f-48be-b69e-309f1bdcc4c5,2,11:00,14:00,32,2026-05-13T10:16:53Z,2026-04-28T00:16:53Z
a04ed26c-ec0d-4ff9-a092-ba9201fa0ff8,8fea7445-4c7f-48be-b69e-309f1bdcc4c5,2,17:00,22:00,65,2026-05-13T10:16:53Z,2026-04-28T00:16:53Z
ac0d7ecf-1268-4169-bfe5-27f26306d798,8fea7445-4c7f-48be-b69e-309f1bdcc4c5,3,11:00,14:00,35,2026-05-13T10:16:53Z,2026-04-28T00:16:53Z
2b81043f-0599-4fd1-b919-60cfd7daf6d2,8fea7445-4c7f-48be-b69e-309f1bdcc4c5,3,17:00,22:00,72,2026-05-13T10:16:53Z,2026-04-28T00:16:53Z
d50ca764-0fb1-4e04-842a-fe5f9a793ca5,8fea7445-4c7f-48be-b69e-309f1bdcc4c5,4,11:00,14:00,59,2026-05-13T10:16:53Z,2026-04-28T00:16:53Z
a20cc46f-c00f-482f-b921-0a71fae30af5,8fea7445-4c7f-48be-b69e-309f1bdcc4c5,4,17:00,22:00,68,2026-05-13T10:16:53Z,2026-04-28T00:16:53Z
bf6c0fd5-b1d1-4020-af74-74948f09b7d9,8fea7445-4c7f-48be-b69e-309f1bdcc4c5,5,11:00,14:00,42,2026-05-13T10:16:53Z,2026-04-28T00:16:53Z
6b2a6c17-0f4d-4fd0-bab4-6b622497423c,8fea7445-4c7f-48be-b69e-309f1bdcc4c5,5,17:00,22:00,72,2026-05-13T10:16:53Z,2026-04-28T00:16:53Z
e40680fe-583d-4ce3-9d71-a82270978244,8fea7445-4c7f-48be-b69e-309f1bdcc4c5,6,11:00,14:00,40,2026-05-13T10:16:53Z,2026-04-28T00:16:53Z
7bb2e538-90aa-4c6c-b591-b1b38aba9669,8fea7445-4c7f-48be-b69e-309f1bdcc4c5,6,17:00,22:00,73,2026-05-13T10:16:53Z,2026-04-28T00:16:53Z
f3be7fc0-eb43-4c83-babe-4ba74dfa0867,8dd0953c-5923-4748-9652-5a10f3a2c894,0,11:00,14:00,46,2026-05-13T10:16:53Z,2026-04-28T00:16:53Z
a84caa99-c99c-4c21-9807-197da1d52c2a,8dd0953c-5923-4748-9652-5a10f3a2c894,0,17:00,22:00,80,2026-05-13T10:16:53Z,2026-04-28T00:16:53Z
fcfebcb2-c33e-4db9-bde0-1fd2653f77c8,8dd0953c-5923-4748-9652-5a10f3a2c894,1,11:00,14:00,35,2026-05-13T10:16:53Z,2026-04-28T00:16:53Z
039bd553-c095-41cf-b27c-4e0e9a0a6033,8dd0953c-5923-4748-9652-5a10f3a2c894,1,17:00,22:00,80,2026-05-13T10:16:53Z,2026-04-28T00:16:53Z
cc225935-b169-496d-a9b8-55021e0cc467,8dd0953c-5923-4748-9652-5a10f3a2c894,2,11:00,14:00,42,2026-05-13T10:16:53Z,2026-04-28T00:16:53Z
d71de2cb-7c42-4f83-ad98-da69cfd1f5aa,8dd0953c-5923-4748-9652-5a10f3a2c894,2,17:00,22:00,51,2026-05-13T10:16:53Z,2026-04-28T00:16:53Z
ab09c3e2-c8f4-41e7-b61d-3386b11a22df,8dd0953c-5923-4748-9652-5a10f3a2c894,3,11:00,14:00,57,2026-05-13T10:16:53Z,2026-04-28T00:16:53Z
0eaac1ef-925c-44bf-9c72-30f2166da58c,8dd0953c-5923-4748-9652-5a10f3a2c894,3,17:00,22:00,73,2026-05-13T10:16:53Z,2026-04-28T00:16:53Z
9e304dfa-8bfd-420f-97a5-9f4df9ef9ab6,8dd0953c-5923-4748-9652-5a10f3a2c894,4,11:00,14:00,38,2026-05-13T10:16:53Z,2026-04-28T00:16:53Z
1fb25d42-5b3c-44c6-bbeb-8db2bdf40db3,8dd0953c-5923-4748-9652-5a10f3a2c894,4,17:00,22:00,57,2026-05-13T10:16:53Z,2026-04-28T00:16:53Z
0131f6f1-fee4-4f61-8b3c-5a2dad6fabef,8dd0953c-5923-4748-9652-5a10f3a2c894,5,11:00,14:00,34,2026-05-13T10:16:53Z,2026-04-28T00:16:53Z
92b584e9-5f5c-4806-96d3-1af50dd11f5d,8dd0953c-5923-4748-9652-5a10f3a2c894,5,17:00,22:00,52,2026-05-13T10:16:53Z,2026-04-28T00:16:53Z
ead6d0ac-4d0c-4242-973c-40d8b658bdb6,8dd0953c-5923-4748-9652-5a10f3a2c894,6,11:00,14:00,53,2026-05-13T10:16:53Z,2026-04-28T00:16:53Z
56ddab41-4128-4d05-8fb3-bfea277b1f90,8dd0953c-5923-4748-9652-5a10f3a2c894,6,17:00,22:00,57,2026-05-13T10:16:53Z,2026-04-28T00:16:53Z
52e22c9a-ad06-4df3-b724-228e925e5169,bedf4b43-0416-45a0-862e-f75e17552c17,0,11:00,14:00,53,2026-05-13T10:16:53Z,2026-04-28T00:16:53Z
dd451794-8a9b-4105-9a73-98db77f68fe2,bedf4b43-0416-45a0-862e-f75e17552c17,0,17:00,22:00,67,2026-05-13T10:16:53Z,2026-04-28T00:16:53Z
4a6af7fa-946f-4215-9206-df9ab56ae2ac,bedf4b43-0416-45a0-862e-f75e17552c17,1,11:00,14:00,54,2026-05-13T10:16:53Z,2026-04-28T00:16:53Z
cade52bb-948a-4fa7-8add-fdfac65b0361,bedf4b43-0416-45a0-862e-f75e17552c17,1,17:00,22:00,72,2026-05-13T10:16:53Z,2026-04-28T00:16:53Z
8db22774-4103-4065-9cfa-7285cb454a18,bedf4b43-0416-45a0-862e-f75e17552c17,2,11:00,14:00,32,2026-05-13T10:16:53Z,2026-04-28T00:16:53Z
84e8813d-1b77-4720-bfd7-23d81cf9225f,bedf4b43-0416-45a0-862e-f75e17552c17,2,17:00,22:00,71,2026-05-13T10:16:53Z,2026-04-28T00:16:53Z
a17aa50c-c264-46ea-9b24-e0308dd618b1,bedf4b43-0416-45a0-862e-f75e17552c17,3,11:00,14:00,49,2026-05-13T10:16:53Z,2026-04-28T00:16:53Z
dcafd3d4-6591-44c6-909c-ab4d089abc69,bedf4b43-0416-45a0-862e-f75e17552c17,3,17:00,22:00,64,2026-05-13T10:16:53Z,2026-04-28T00:16:53Z
06a73090-6401-4cff-9b84-35dbdbe4e33d,bedf4b43-0416-45a0-862e-f75e17552c17,4,11:00,14:00,44,2026-05-13T10:16:53Z,2026-04-28T00:16:53Z
c9f69e75-2d34-4531-9cac-9c362343ca6c,bedf4b43-0416-45a0-862e-f75e17552c17,4,17:00,22:00,55,2026-05-13T10:16:53Z,2026-04-28T00:16:53Z
2b16dc4f-a1ce-4fff-925f-1949a8af4d85,bedf4b43-0416-45a0-862e-f75e17552c17,5,11:00,14:00,48,2026-05-13T10:16:53Z,2026-04-28T00:16:53Z
1bb390f3-644a-4996-980f-32eeeb7fe536,bedf4b43-0416-45a0-862e-f75e17552c17,5,17:00,22:00,65,2026-05-13T10:16:53Z,2026-04-28T00:16:53Z
6e0c8569-78e7-42a2-9285-5eb843d785d3,bedf4b43-0416-45a0-862e-f75e17552c17,6,11:00,14:00,46,2026-05-13T10:16:53Z,2026-04-28T00:16:53Z
d5e14c43-fb23-4b01-a0c9-51806a7d5af7,bedf4b43-0416-45a0-862e-f75e17552c17,6,17:00,22:00,65,2026-05-13T10:16:53Z,2026-04-28T00:16:53Z
2d452b57-dc2a-4799-a245-822e98e76068,f3d1139f-4bc0-4ac8-8178-73db94263aae,0,11:00,14:00,37,2026-05-13T10:16:53Z,2026-04-28T00:16:53Z
6fc95e2c-04fa-4c0e-bc84-a2935f4b3442,f3d1139f-4bc0-4ac8-8178-73db94263aae,0,17:00,22:00,65,2026-05-13T10:16:53Z,2026-04-28T00:16:53Z
3420592f-dd6c-448d-b52c-0097624bb9e2,f3d1139f-4bc0-4ac8-8178-73db94263aae,1,11:00,14:00,54,2026-05-13T10:16:53Z,2026-04-28T00:16:53Z
d17c4407-7bf2-4073-8105-9e78026e56f9,f3d1139f-4bc0-4ac8-8178-73db94263aae,1,17:00,22:00,66,2026-05-13T10:16:53Z,2026-04-28T00:16:53Z
a2e01283-d500-4494-8fca-6b1c2a3040ad,f3d1139f-4bc0-4ac8-8178-73db94263aae,2,11:00,14:00,43,2026-05-13T10:16:53Z,2026-04-28T00:16:53Z
8358f6e7-d384-4af5-a546-e7d75d72b2c3,f3d1139f-4bc0-4ac8-8178-73db94263aae,2,17:00,22:00,66,2026-05-13T10:16:53Z,2026-04-28T00:16:53Z
a1d0286d-ee80-4cf5-9944-d0ed3025e1f7,f3d1139f-4bc0-4ac8-8178-73db94263aae,3,11:00,14:00,52,2026-05-13T10:16:53Z,2026-04-28T00:16:53Z
f7aeb858-4370-4110-8194-c6cd14973528,f3d1139f-4bc0-4ac8-8178-73db94263aae,3,17:00,22:00,67,2026-05-13T10:16:53Z,2026-04-28T00:16:53Z
2262bc3a-969b-40f7-8785-d26762e9c7d7,f3d1139f-4bc0-4ac8-8178-73db94263aae,4,11:00,14:00,38,2026-05-13T10:16:53Z,2026-04-28T00:16:53Z
96b10d18-ed4e-464e-92fd-f877220b5852,f3d1139f-4bc0-4ac8-8178-73db94263aae,4,17:00,22:00,69,2026-05-13T10:16:53Z,2026-04-28T00:16:53Z
0955f0e1-5c7f-4105-a362-a7ca38d1588f,f3d1139f-4bc0-4ac8-8178-73db94263aae,5,11:00,14:00,58,2026-05-13T10:16:53Z,2026-04-28T00:16:53Z
f33f2e59-e4b7-426c-a009-d6051f5c4356,f3d1139f-4bc0-4ac8-8178-73db94263aae,5,17:00,22:00,70,2026-05-13T10:16:53Z,2026-04-28T00:16:53Z
2c70dd8d-eb98-4718-9f64-e60240d8b803,f3d1139f-4bc0-4ac8-8178-73db94263aae,6,11:00,14:00,56,2026-05-13T10:16:53Z,2026-04-28T00:16:53Z
67809e84-3819-410e-87fe-0cbd89d8002f,f3d1139f-4bc0-4ac8-8178-73db94263aae,6,17:00,22:00,58,2026-05-13T10:16:53Z,2026-04-28T00:16:53Z
e698af34-3416-482c-9738-58906b66d00d,b77fae37-0832-4b6c-806f-77513777669e,0,11:00,14:00,32,2026-05-13T10:16:53Z,2026-04-28T00:16:53Z
c2bfe8b6-a08c-4528-93b6-922d33c667ec,b77fae37-0832-4b6c-806f-77513777669e,0,17:00,22:00,70,2026-05-13T10:16:53Z,2026-04-28T00:16:53Z
906e4942-8377-4bc6-8420-6b9101f3e1ea,b77fae37-0832-4b6c-806f-77513777669e,1,11:00,14:00,38,2026-05-13T10:16:53Z,2026-04-28T00:16:53Z
4bb67f15-8dfc-4335-8e9e-1a34cb586ee9,b77fae37-0832-4b6c-806f-77513777669e,1,17:00,22:00,71,2026-05-13T10:16:53Z,2026-04-28T00:16:53Z
ef14626a-7ee6-4f66-b0df-6c781f029312,b77fae37-0832-4b6c-806f-77513777669e,2,11:00,14:00,45,2026-05-13T10:16:53Z,2026-04-28T00:16:53Z
ca6ae1a9-3551-4a37-ae72-d28466b14f9d,b77fae37-0832-4b6c-806f-77513777669e,2,17:00,22:00,61,2026-05-13T10:16:53Z,2026-04-28T00:16:53Z
daccf87f-e3b9-45f4-9052-cae7544089a2,b77fae37-0832-4b6c-806f-77513777669e,3,11:00,14:00,54,2026-05-13T10:16:53Z,2026-04-28T00:16:53Z
1cd1723d-e67f-4c02-bbbe-20a273246d45,b77fae37-0832-4b6c-806f-77513777669e,3,17:00,22:00,64,2026-05-13T10:16:53Z,2026-04-28T00:16:53Z
28d17155-f34f-4bb7-a1e2-499c569f5b46,b77fae37-0832-4b6c-806f-77513777669e,4,11:00,14:00,30,2026-05-13T10:16:53Z,2026-04-28T00:16:53Z
8b9c8775-09e7-44aa-89af-23ab611acdb2,b77fae37-0832-4b6c-806f-77513777669e,4,17:00,22:00,52,2026-05-13T10:16:53Z,2026-04-28T00:16:53Z
50d76553-4c92-4a71-9ed7-3e1fe7bb7b7c,b77fae37-0832-4b6c-806f-77513777669e,5,11:00,14:00,45,2026-05-13T10:16:53Z,2026-04-28T00:16:53Z
a842b115-3c62-4b4c-90ef-0d3ed4e1b7c5,b77fae37-0832-4b6c-806f-77513777669e,5,17:00,22:00,75,2026-05-13T10:16:53Z,2026-04-28T00:16:53Z
200e19b5-9112-435a-977f-3014107ecec3,b77fae37-0832-4b6c-806f-77513777669e,6,11:00,14:00,60,2026-05-13T10:16:53Z,2026-04-28T00:16:53Z
328c4d74-186f-4db2-accb-1c986682d7a7,b77fae37-0832-4b6c-806f-77513777669e,6,17:00,22:00,68,2026-05-13T10:16:53Z,2026-04-28T00:16:53Z
c80c4f06-995e-45c8-8d61-8e6a5f3ae73a,72dd696c-9196-46cd-8fb6-38ff060cb7ad,0,11:00,14:00,32,2026-05-13T10:16:53Z,2026-04-28T00:16:53Z
3c8bcdb1-afed-407d-b365-754186870839,72dd696c-9196-46cd-8fb6-38ff060cb7ad,0,17:00,22:00,53,2026-05-13T10:16:53Z,2026-04-28T00:16:53Z
1b5aacb6-0f73-42b4-875c-c43d7ca1c159,72dd696c-9196-46cd-8fb6-38ff060cb7ad,1,11:00,14:00,34,2026-05-13T10:16:53Z,2026-04-28T00:16:53Z
1e151993-de79-4e03-95a3-e6d32b432e53,72dd696c-9196-46cd-8fb6-38ff060cb7ad,1,17:00,22:00,50,2026-05-13T10:16:53Z,2026-04-28T00:16:53Z
625b6609-8988-4f0a-8360-feef8a415819,72dd696c-9196-46cd-8fb6-38ff060cb7ad,2,11:00,14:00,35,2026-05-13T10:16:53Z,2026-04-28T00:16:53Z
6e64647b-f8c7-4891-8e48-2ffc72d56ab8,72dd696c-9196-46cd-8fb6-38ff060cb7ad,2,17:00,22:00,64,2026-05-13T10:16:53Z,2026-04-28T00:16:53Z
38db8633-22b6-4385-8160-7db761c0cd48,72dd696c-9196-46cd-8fb6-38ff060cb7ad,3,11:00,14:00,59,2026-05-13T10:16:53Z,2026-04-28T00:16:53Z
1e62d21e-53d0-46b6-997f-a68277d19821,72dd696c-9196-46cd-8fb6-38ff060cb7ad,3,17:00,22:00,73,2026-05-13T10:16:53Z,2026-04-28T00:16:53Z
ce672a00-e487-4cc7-ad67-378b366f1996,72dd696c-9196-46cd-8fb6-38ff060cb7ad,4,11:00,14:00,55,2026-05-13T10:16:53Z,2026-04-28T00:16:53Z
820133ae-1c30-4a2b-8826-3584c112ddea,72dd696c-9196-46cd-8fb6-38ff060cb7ad,4,17:00,22:00,61,2026-05-13T10:16:53Z,2026-04-28T00:16:53Z
aa69ea28-6882-44a4-b735-cf6f8fb98899,72dd696c-9196-46cd-8fb6-38ff060cb7ad,5,11:00,14:00,40,2026-05-13T10:16:53Z,2026-04-28T00:16:53Z
ef4b1f29-239b-4ecd-a016-974e5bf5f54e,72dd696c-9196-46cd-8fb6-38ff060cb7ad,5,17:00,22:00,76,2026-05-13T10:16:53Z,2026-04-28T00:16:53Z
73743c0a-5904-4666-b43a-a8752ade3cef,72dd696c-9196-46cd-8fb6-38ff060cb7ad,6,11:00,14:00,57,2026-05-13T10:16:53Z,2026-04-28T00:16:53Z
251316cd-79a2-46b9-9e30-069633bf5d91,72dd696c-9196-46cd-8fb6-38ff060cb7ad,6,17:00,22:00,77,2026-05-13T10:16:53Z,2026-04-28T00:16:53Z
5acacc63-f975-4333-b703-333dfdbbca8c,2149d9f0-510d-4901-a12d-e4df87498d9d,0,11:00,14:00,31,2026-05-13T10:16:53Z,2026-04-28T00:16:53Z
cc1b03ee-2ce8-40d6-98a2-c886019c7d58,2149d9f0-510d-4901-a12d-e4df87498d9d,0,17:00,22:00,61,2026-05-13T10:16:53Z,2026-04-28T00:16:53Z
42f15592-5fd5-49d3-b2f3-78e9e35383d6,2149d9f0-510d-4901-a12d-e4df87498d9d,1,11:00,14:00,40,2026-05-13T10:16:53Z,2026-04-28T00:16:53Z
cf3f70e8-fe3c-4b02-841f-b909858fd745,2149d9f0-510d-4901-a12d-e4df87498d9d,1,17:00,22:00,78,2026-05-13T10:16:53Z,2026-04-28T00:16:53Z
066c1559-fcda-4357-8993-c30eb4617a64,2149d9f0-510d-4901-a12d-e4df87498d9d,2,11:00,14:00,42,2026-05-13T10:16:53Z,2026-04-28T00:16:53Z
ae887ad5-ab12-4fae-ba6b-fe3b6a34015a,2149d9f0-510d-4901-a12d-e4df87498d9d,2,17:00,22:00,61,2026-05-13T10:16:53Z,2026-04-28T00:16:53Z
405a4cc3-9e69-4a79-9b6f-5afb2ee9f1d2,2149d9f0-510d-4901-a12d-e4df87498d9d,3,11:00,14:00,48,2026-05-13T10:16:53Z,2026-04-28T00:16:53Z
37c34fce-3893-40dc-926a-642556467952,2149d9f0-510d-4901-a12d-e4df87498d9d,3,17:00,22:00,64,2026-05-13T10:16:53Z,2026-04-28T00:16:53Z
a09eedbf-dd66-4697-ba4a-1b4f6de57a30,2149d9f0-510d-4901-a12d-e4df87498d9d,4,11:00,14:00,39,2026-05-13T10:16:53Z,2026-04-28T00:16:53Z
d07fa8c5-229a-4d97-942e-13e9a8242220,2149d9f0-510d-4901-a12d-e4df87498d9d,4,17:00,22:00,62,2026-05-13T10:16:53Z,2026-04-28T00:16:53Z
19a76cc6-ecc6-47b5-91b5-f4b027c57d18,2149d9f0-510d-4901-a12d-e4df87498d9d,5,11:00,14:00,33,2026-05-13T10:16:53Z,2026-04-28T00:16:53Z
830c5577-f54c-487a-8acd-0286d1667d99,2149d9f0-510d-4901-a12d-e4df87498d9d,5,17:00,22:00,73,2026-05-13T10:16:53Z,2026-04-28T00:16:53Z
a2bb252e-eb26-48fa-bbc2-7b35ac71c0ed,2149d9f0-510d-4901-a12d-e4df87498d9d,6,11:00,14:00,50,2026-05-13T10:16:53Z,2026-04-28T00:16:53Z
8a3e933f-e174-4fc0-9a15-cd1320492762,2149d9f0-510d-4901-a12d-e4df87498d9d,6,17:00,22:00,63,2026-05-13T10:16:53Z,2026-04-28T00:16:53Z
b9e40c44-732c-4c4e-a57f-eb7843595b89,7c87765d-7009-4e47-8f89-222dfe02a037,0,11:00,14:00,42,2026-05-13T10:16:53Z,2026-04-28T00:16:53Z
4cfb9113-39f5-4cae-bac8-aafac92b05be,7c87765d-7009-4e47-8f89-222dfe02a037,0,17:00,22:00,63,2026-05-13T10:16:53Z,2026-04-28T00:16:53Z
87cac577-df08-4d78-85c9-0a0c25dcddec,7c87765d-7009-4e47-8f89-222dfe02a037,1,11:00,14:00,45,2026-05-13T10:16:53Z,2026-04-28T00:16:53Z
7fa3cc3c-f179-4795-a2e4-9a0632e9f3ab,7c87765d-7009-4e47-8f89-222dfe02a037,1,17:00,22:00,69,2026-05-13T10:16:53Z,2026-04-28T00:16:53Z
2cb6618d-164b-4a79-87ef-89de10cc642a,7c87765d-7009-4e47-8f89-222dfe02a037,2,11:00,14:00,36,2026-05-13T10:16:53Z,2026-04-28T00:16:53Z
709c3b13-e999-40cc-a9a4-c8e2e9e54114,7c87765d-7009-4e47-8f89-222dfe02a037,2,17:00,22:00,74,2026-05-13T10:16:53Z,2026-04-28T00:16:53Z
f67b0d90-6fe0-489e-937e-8b23f6d246eb,7c87765d-7009-4e47-8f89-222dfe02a037,3,11:00,14:00,58,2026-05-13T10:16:53Z,2026-04-28T00:16:53Z
9ff5aa7d-29dc-4499-9c6c-6998fd43f076,7c87765d-7009-4e47-8f89-222dfe02a037,3,17:00,22:00,76,2026-05-13T10:16:53Z,2026-04-28T00:16:53Z
3750b449-272d-464e-a9d6-7cf98e949279,7c87765d-7009-4e47-8f89-222dfe02a037,4,11:00,14:00,44,2026-05-13T10:16:53Z,2026-04-28T00:16:53Z
f28b685a-820f-4398-84e2-a69e5860e256,7c87765d-7009-4e47-8f89-222dfe02a037,4,17:00,22:00,65,2026-05-13T10:16:53Z,2026-04-28T00:16:53Z
d89233a3-3507-4be0-b2d4-eed7f8149570,7c87765d-7009-4e47-8f89-222dfe02a037,5,11:00,14:00,53,2026-05-13T10:16:53Z,2026-04-28T00:16:53Z
6e7b07e2-7c1c-425a-be32-ee70cb8bd98f,7c87765d-7009-4e47-8f89-222dfe02a037,5,17:00,22:00,57,2026-05-13T10:16:53Z,2026-04-28T00:16:53Z
f067a5d6-9e1e-4bf9-a611-f19aca62699a,7c87765d-7009-4e47-8f89-222dfe02a037,6,11:00,14:00,40,2026-05-13T10:16:53Z,2026-04-28T00:16:53Z
104f80ce-8413-48a3-8b8b-23e91d02a431,7c87765d-7009-4e47-8f89-222dfe02a037,6,17:00,22:00,57,2026-05-13T10:16:53Z,2026-04-28T00:16:53Z
5ec830d2-f8f8-4cc2-a03e-a24ef002ff25,a25f2c72-4869-488e-918e-3447575e25dc,0,11:00,14:00,48,2026-05-13T10:16:53Z,2026-04-28T00:16:53Z
8ccdc2ec-02d3-4e39-b24a-51b866316bf9,a25f2c72-4869-488e-918e-3447575e25dc,0,17:00,22:00,76,2026-05-13T10:16:53Z,2026-04-28T00:16:53Z
2eb83a30-bae0-42df-90ff-a783f4e8c298,a25f2c72-4869-488e-918e-3447575e25dc,1,11:00,14:00,51,2026-05-13T10:16:53Z,2026-04-28T00:16:53Z
d31b7e92-38ba-44b5-acfe-c1e0f0e38289,a25f2c72-4869-488e-918e-3447575e25dc,1,17:00,22:00,76,2026-05-13T10:16:53Z,2026-04-28T00:16:53Z
79eac595-c376-4070-8d1e-444d1618974d,a25f2c72-4869-488e-918e-3447575e25dc,2,11:00,14:00,58,2026-05-13T10:16:53Z,2026-04-28T00:16:53Z
eff95ae4-8a14-4033-b18f-a866829b200e,a25f2c72-4869-488e-918e-3447575e25dc,2,17:00,22:00,71,2026-05-13T10:16:53Z,2026-04-28T00:16:53Z
19e38dbe-ecbd-4be0-ad73-005fec93a1fb,a25f2c72-4869-488e-918e-3447575e25dc,3,11:00,14:00,56,2026-05-13T10:16:53Z,2026-04-28T00:16:53Z
87842f04-8343-4ac8-bcf4-ca3e1107a011,a25f2c72-4869-488e-918e-3447575e25dc,3,17:00,22:00,63,2026-05-13T10:16:53Z,2026-04-28T00:16:53Z
2fb7dddc-3341-4477-acfa-71f5c038258a,a25f2c72-4869-488e-918e-3447575e25dc,4,11:00,14:00,51,2026-05-13T10:16:53Z,2026-04-28T00:16:53Z
7e6a0bc3-e0c4-4458-a4df-b23b708e4c69,a25f2c72-4869-488e-918e-3447575e25dc,4,17:00,22:00,71,2026-05-13T10:16:53Z,2026-04-28T00:16:53Z
19f4c64e-1f96-445a-8290-97a5645e51c6,a25f2c72-4869-488e-918e-3447575e25dc,5,11:00,14:00,42,2026-05-13T10:16:53Z,2026-04-28T00:16:53Z
c6df2c83-a0d2-4de3-8215-6bd57aa55c0b,a25f2c72-4869-488e-918e-3447575e25dc,5,17:00,22:00,67,2026-05-13T10:16:53Z,2026-04-28T00:16:53Z
bafc204c-1ca5-4206-a46e-cd09002ab006,a25f2c72-4869-488e-918e-3447575e25dc,6,11:00,14:00,51,2026-05-13T10:16:53Z,2026-04-28T00:16:53Z
292d861a-01f3-4fb9-a07e-24a9defdb54a,a25f2c72-4869-488e-918e-3447575e25dc,6,17:00,22:00,66,2026-05-13T10:16:53Z,2026-04-28T00:16:53Z
f6431de6-9dec-4a20-984d-aebd7cdc6e3a,3a9a9664-9664-4676-a52d-0c703e9161fb,0,11:00,14:00,50,2026-05-13T10:16:53Z,2026-04-28T00:16:53Z
b04a1131-f7b6-4f11-bd3b-30fa0e374d36,3a9a9664-9664-4676-a52d-0c703e9161fb,0,17:00,22:00,75,2026-05-13T10:16:53Z,2026-04-28T00:16:53Z
6e61ba0f-f8c1-44d8-9d72-58f8e33ce6c4,3a9a9664-9664-4676-a52d-0c703e9161fb,1,11:00,14:00,55,2026-05-13T10:16:53Z,2026-04-28T00:16:53Z
db8bb873-7612-4a37-880e-053e33719ca9,3a9a9664-9664-4676-a52d-0c703e9161fb,1,17:00,22:00,72,2026-05-13T10:16:53Z,2026-04-28T00:16:53Z
77737091-721b-448f-b77c-58cd60b84ca8,3a9a9664-9664-4676-a52d-0c703e9161fb,2,11:00,14:00,45,2026-05-13T10:16:53Z,2026-04-28T00:16:53Z
31122dbb-1b58-4fdb-8f4e-5b88cfd13f8c,3a9a9664-9664-4676-a52d-0c703e9161fb,2,17:00,22:00,63,2026-05-13T10:16:53Z,2026-04-28T00:16:53Z
7efacfe6-0ab5-4d41-a5cb-8a49b8e54dc4,3a9a9664-9664-4676-a52d-0c703e9161fb,3,11:00,14:00,35,2026-05-13T10:16:53Z,2026-04-28T00:16:53Z
586fcaf7-4e2b-46da-bd3d-bd568fc17e94,3a9a9664-9664-4676-a52d-0c703e9161fb,3,17:00,22:00,62,2026-05-13T10:16:53Z,2026-04-28T00:16:53Z
afbeff68-e021-4a5c-b003-679ccd98a788,3a9a9664-9664-4676-a52d-0c703e9161fb,4,11:00,14:00,46,2026-05-13T10:16:53Z,2026-04-28T00:16:53Z
195c778d-125e-445d-ac1e-8f6c23048658,3a9a9664-9664-4676-a52d-0c703e9161fb,4,17:00,22:00,54,2026-05-13T10:16:53Z,2026-04-28T00:16:53Z
8fd193e1-2739-4b8f-b739-f725741837b4,3a9a9664-9664-4676-a52d-0c703e9161fb,5,11:00,14:00,44,2026-05-13T10:16:53Z,2026-04-28T00:16:53Z
c348448b-252d-4266-b619-9eca327c06d0,3a9a9664-9664-4676-a52d-0c703e9161fb,5,17:00,22:00,65,2026-05-13T10:16:53Z,2026-04-28T00:16:53Z
670a0741-49e2-4e83-98b1-5be1f27f4328,3a9a9664-9664-4676-a52d-0c703e9161fb,6,11:00,14:00,47,2026-05-13T10:16:53Z,2026-04-28T00:16:53Z
2f6c6e84-f24d-4c17-935d-47748984f4e0,3a9a9664-9664-4676-a52d-0c703e9161fb,6,17:00,22:00,63,2026-05-13T10:16:53Z,2026-04-28T00:16:53Z
03f8d5b6-f891-4c88-b5fe-972915970dd0,df14d106-b081-44f9-8327-4465898fe525,0,11:00,14:00,51,2026-05-13T10:16:53Z,2026-04-28T00:16:53Z
bef2a0ef-14cb-4ddb-b9c7-217cc3b16540,df14d106-b081-44f9-8327-4465898fe525,0,17:00,22:00,66,2026-05-13T10:16:53Z,2026-04-28T00:16:53Z
5a126b4d-119f-416f-b969-2d5c1638894d,df14d106-b081-44f9-8327-4465898fe525,1,11:00,14:00,44,2026-05-13T10:16:53Z,2026-04-28T00:16:53Z
538eb699-e023-4f72-b94a-bc9de08924c8,df14d106-b081-44f9-8327-4465898fe525,1,17:00,22:00,52,2026-05-13T10:16:53Z,2026-04-28T00:16:53Z
be42d7ff-dafb-4e6b-814c-a37e17dd823b,df14d106-b081-44f9-8327-4465898fe525,2,11:00,14:00,55,2026-05-13T10:16:53Z,2026-04-28T00:16:53Z
4186064d-4cd3-4cae-a225-a3fd5658d906,df14d106-b081-44f9-8327-4465898fe525,2,17:00,22:00,60,2026-05-13T10:16:53Z,2026-04-28T00:16:53Z
7b9349f4-95bb-4f5a-b11e-b07b47d041f1,df14d106-b081-44f9-8327-4465898fe525,3,11:00,14:00,40,2026-05-13T10:16:53Z,2026-04-28T00:16:53Z
59b504f0-7f74-462e-b801-691d069448dd,df14d106-b081-44f9-8327-4465898fe525,3,17:00,22:00,78,2026-05-13T10:16:53Z,2026-04-28T00:16:53Z
6231bd3e-c46c-455e-852a-46bd26c81751,df14d106-b081-44f9-8327-4465898fe525,4,11:00,14:00,54,2026-05-13T10:16:53Z,2026-04-28T00:16:53Z
a5332965-3575-4718-a3b8-60718b90cb09,df14d106-b081-44f9-8327-4465898fe525,4,17:00,22:00,54,2026-05-13T10:16:53Z,2026-04-28T00:16:53Z
cb11eb6d-2b8e-41af-91f4-bd957d90df1e,df14d106-b081-44f9-8327-4465898fe525,5,11:00,14:00,46,2026-05-13T10:16:53Z,2026-04-28T00:16:53Z
96f1b71c-b1ce-498b-821e-114db2587036,df14d106-b081-44f9-8327-4465898fe525,5,17:00,22:00,56,2026-05-13T10:16:53Z,2026-04-28T00:16:53Z
969386c8-5868-4911-be7f-60d2990751fd,df14d106-b081-44f9-8327-4465898fe525,6,11:00,14:00,32,2026-05-13T10:16:53Z,2026-04-28T00:16:53Z
3b9ba9f0-5329-4e6e-89b9-077892e3f24d,df14d106-b081-44f9-8327-4465898fe525,6,17:00,22:00,52,2026-05-13T10:16:53Z,2026-04-28T00:16:53Z
393fe1ad-02ea-4bbd-bc30-be25a5b25c05,3e839ac1-1046-4fc7-b957-e42cdb1021ae,0,11:00,14:00,58,2026-05-13T10:16:53Z,2026-04-28T00:16:53Z
34fff8ed-7854-4531-8100-5b8fcbcc7095,3e839ac1-1046-4fc7-b957-e42cdb1021ae,0,17:00,22:00,74,2026-05-13T10:16:53Z,2026-04-28T00:16:53Z
a673ffef-e0ac-4509-8184-19d66cce8be2,3e839ac1-1046-4fc7-b957-e42cdb1021ae,1,11:00,14:00,43,2026-05-13T10:16:53Z,2026-04-28T00:16:53Z
12aa2947-301b-4abc-b524-51544bbc4bd2,3e839ac1-1046-4fc7-b957-e42cdb1021ae,1,17:00,22:00,67,2026-05-13T10:16:53Z,2026-04-28T00:16:53Z
47bb4c71-617b-4230-9c76-fcbdce319724,3e839ac1-1046-4fc7-b957-e42cdb1021ae,2,11:00,14:00,45,2026-05-13T10:16:53Z,2026-04-28T00:16:53Z
6a185db1-96c1-42c0-b8fd-e573b3be248d,3e839ac1-1046-4fc7-b957-e42cdb1021ae,2,17:00,22:00,51,2026-05-13T10:16:53Z,2026-04-28T00:16:53Z
a0f9b5f8-3f5d-42df-97da-9ecc4eb2c347,3e839ac1-1046-4fc7-b957-e42cdb1021ae,3,11:00,14:00,59,2026-05-13T10:16:53Z,2026-04-28T00:16:53Z
9c940fb0-999f-4506-a78e-04b1709facbd,3e839ac1-1046-4fc7-b957-e42cdb1021ae,3,17:00,22:00,65,2026-05-13T10:16:53Z,2026-04-28T00:16:53Z
97b50fcb-6c4a-4d25-9f5f-7cd1414b5797,3e839ac1-1046-4fc7-b957-e42cdb1021ae,4,11:00,14:00,47,2026-05-13T10:16:53Z,2026-04-28T00:16:53Z
a93be7ee-3023-4553-8a66-70b242a3a6c4,3e839ac1-1046-4fc7-b957-e42cdb1021ae,4,17:00,22:00,61,2026-05-13T10:16:53Z,2026-04-28T00:16:53Z
67c671f1-ce23-4136-a43d-824116ff0ae7,3e839ac1-1046-4fc7-b957-e42cdb1021ae,5,11:00,14:00,56,2026-05-13T10:16:53Z,2026-04-28T00:16:53Z
57f6fccc-ed9a-4c81-85be-d6e85f38c7a0,3e839ac1-1046-4fc7-b957-e42cdb1021ae,5,17:00,22:00,77,2026-05-13T10:16:53Z,2026-04-28T00:16:53Z
c0146946-cc6e-4a5a-b58e-005ee5511bbd,3e839ac1-1046-4fc7-b957-e42cdb1021ae,6,11:00,14:00,45,2026-05-13T10:16:53Z,2026-04-28T00:16:53Z
622f25f6-3e2a-45fe-a5a2-d8025806c348,3e839ac1-1046-4fc7-b957-e42cdb1021ae,6,17:00,22:00,52,2026-05-13T10:16:53Z,2026-04-28T00:16:53Z
b8636415-ed95-4060-be95-48a7683c9b22,61f4e40c-0ed2-4287-8b07-9d07309049e2,0,11:00,14:00,49,2026-05-13T10:16:53Z,2026-04-28T00:16:53Z
6ef6c12c-e461-4a54-9923-ae53b25fc9ae,61f4e40c-0ed2-4287-8b07-9d07309049e2,0,17:00,22:00,59,2026-05-13T10:16:53Z,2026-04-28T00:16:53Z
2d4e37d5-2452-42ed-8650-f315a32c031d,61f4e40c-0ed2-4287-8b07-9d07309049e2,1,11:00,14:00,37,2026-05-13T10:16:53Z,2026-04-28T00:16:53Z
bf9b9533-3487-4cc7-bdbc-44b9d36495fc,61f4e40c-0ed2-4287-8b07-9d07309049e2,1,17:00,22:00,75,2026-05-13T10:16:53Z,2026-04-28T00:16:53Z
28ecccd8-3d6c-4c29-8399-f5d6e4bc8ad9,61f4e40c-0ed2-4287-8b07-9d07309049e2,2,11:00,14:00,51,2026-05-13T10:16:53Z,2026-04-28T00:16:53Z
69efa7b7-d174-4d20-8740-626192952a50,61f4e40c-0ed2-4287-8b07-9d07309049e2,2,17:00,22:00,80,2026-05-13T10:16:53Z,2026-04-28T00:16:53Z
93ae8b52-a61f-484f-968a-b6a5764dc07b,61f4e40c-0ed2-4287-8b07-9d07309049e2,3,11:00,14:00,55,2026-05-13T10:16:53Z,2026-04-28T00:16:53Z
481f7321-879d-4d3a-a721-3eada867b242,61f4e40c-0ed2-4287-8b07-9d07309049e2,3,17:00,22:00,70,2026-05-13T10:16:53Z,2026-04-28T00:16:53Z
fe062897-38dc-49da-9654-7ebf7d3aad26,61f4e40c-0ed2-4287-8b07-9d07309049e2,4,11:00,14:00,46,2026-05-13T10:16:53Z,2026-04-28T00:16:53Z
4f71bfab-547e-46e9-a8fd-f3740ae974f0,61f4e40c-0ed2-4287-8b07-9d07309049e2,4,17:00,22:00,72,2026-05-13T10:16:53Z,2026-04-28T00:16:53Z
132ae56a-1156-475a-8223-03ad24f59462,61f4e40c-0ed2-4287-8b07-9d07309049e2,5,11:00,14:00,47,2026-05-13T10:16:53Z,2026-04-28T00:16:53Z
03011d8f-7a17-44d0-bf9c-4b322e4b14fc,61f4e40c-0ed2-4287-8b07-9d07309049e2,5,17:00,22:00,59,2026-05-13T10:16:53Z,2026-04-28T00:16:53Z
941df461-febb-4fa5-851b-888772d38638,61f4e40c-0ed2-4287-8b07-9d07309049e2,6,11:00,14:00,40,2026-05-13T10:16:53Z,2026-04-28T00:16:53Z
ef65a14c-b0a4-4ec6-88ce-2a4398bdb64a,61f4e40c-0ed2-4287-8b07-9d07309049e2,6,17:00,22:00,51,2026-05-13T10:16:53Z,2026-04-28T00:16:53Z
59962124-2012-4f77-9104-389962519a79,11dd8d6c-4a3f-42b8-83ce-05f182f5f5bf,0,11:00,14:00,38,2026-05-13T10:16:53Z,2026-04-28T00:16:53Z
2770090c-1609-45a0-9b71-4f348bbcf405,11dd8d6c-4a3f-42b8-83ce-05f182f5f5bf,0,17:00,22:00,51,2026-05-13T10:16:53Z,2026-04-28T00:16:53Z
c0659945-bdc1-48e8-8eaf-d6e896b06d9a,11dd8d6c-4a3f-42b8-83ce-05f182f5f5bf,1,11:00,14:00,33,2026-05-13T10:16:53Z,2026-04-28T00:16:53Z
348c3a87-22c4-4fd2-9745-df655abe9a66,11dd8d6c-4a3f-42b8-83ce-05f182f5f5bf,1,17:00,22:00,54,2026-05-13T10:16:53Z,2026-04-28T00:16:53Z
7fdd56ec-9257-4b8d-be86-a1c789bd639a,11dd8d6c-4a3f-42b8-83ce-05f182f5f5bf,2,11:00,14:00,44,2026-05-13T10:16:53Z,2026-04-28T00:16:53Z
19fc76e3-e378-453e-9cdc-b42ef554902c,11dd8d6c-4a3f-42b8-83ce-05f182f5f5bf,2,17:00,22:00,54,2026-05-13T10:16:53Z,2026-04-28T00:16:53Z
1b9e82cd-74b5-4587-a5e4-35d07db00679,11dd8d6c-4a3f-42b8-83ce-05f182f5f5bf,3,11:00,14:00,37,2026-05-13T10:16:53Z,2026-04-28T00:16:53Z
08f30e14-82cb-40b4-8c69-d18cafee2e3d,11dd8d6c-4a3f-42b8-83ce-05f182f5f5bf,3,17:00,22:00,52,2026-05-13T10:16:53Z,2026-04-28T00:16:53Z
f129f55e-b0af-4674-b647-4f34ca69d3c0,11dd8d6c-4a3f-42b8-83ce-05f182f5f5bf,4,11:00,14:00,32,2026-05-13T10:16:53Z,2026-04-28T00:16:53Z
2d09c21f-4802-4da1-ba87-b05157c7bda7,11dd8d6c-4a3f-42b8-83ce-05f182f5f5bf,4,17:00,22:00,50,2026-05-13T10:16:53Z,2026-04-28T00:16:53Z
a28f7256-679c-47a5-a88d-688d9ccc9df5,11dd8d6c-4a3f-42b8-83ce-05f182f5f5bf,5,11:00,14:00,40,2026-05-13T10:16:53Z,2026-04-28T00:16:53Z
e27a9cd8-59e9-4238-9231-f0e29fcf92fe,11dd8d6c-4a3f-42b8-83ce-05f182f5f5bf,5,17:00,22:00,76,2026-05-13T10:16:53Z,2026-04-28T00:16:53Z
579af074-0405-42d5-b73c-6554079a8636,11dd8d6c-4a3f-42b8-83ce-05f182f5f5bf,6,11:00,14:00,58,2026-05-13T10:16:53Z,2026-04-28T00:16:53Z
f13569cd-a186-4f8f-a9b1-a86708425a7c,11dd8d6c-4a3f-42b8-83ce-05f182f5f5bf,6,17:00,22:00,74,2026-05-13T10:16:53Z,2026-04-28T00:16:53Z
4731c8e7-16b5-4fe7-9248-41e8dad43c5b,82b1f50e-27e7-4096-810f-fca8b0caab9a,0,11:00,14:00,45,2026-05-13T10:16:53Z,2026-04-28T00:16:53Z
832793ca-8682-42ac-8092-ca7bdfa42267,82b1f50e-27e7-4096-810f-fca8b0caab9a,0,17:00,22:00,69,2026-05-13T10:16:53Z,2026-04-28T00:16:53Z
179b1ef4-43fe-4d88-9864-bd013974035d,82b1f50e-27e7-4096-810f-fca8b0caab9a,1,11:00,14:00,30,2026-05-13T10:16:53Z,2026-04-28T00:16:53Z
d21cdfb8-8887-47a9-9ca7-b6af81711457,82b1f50e-27e7-4096-810f-fca8b0caab9a,1,17:00,22:00,69,2026-05-13T10:16:53Z,2026-04-28T00:16:53Z
db8dba38-a71e-446f-899d-70035b92bcdf,82b1f50e-27e7-4096-810f-fca8b0caab9a,2,11:00,14:00,52,2026-05-13T10:16:53Z,2026-04-28T00:16:53Z
bebc72ab-c031-4900-b7b8-7eff22675da3,82b1f50e-27e7-4096-810f-fca8b0caab9a,2,17:00,22:00,70,2026-05-13T10:16:53Z,2026-04-28T00:16:53Z
32da31bf-c57b-4901-98a7-2140391e4116,82b1f50e-27e7-4096-810f-fca8b0caab9a,3,11:00,14:00,33,2026-05-13T10:16:53Z,2026-04-28T00:16:53Z
20b138e2-345b-40d8-ade5-3d44bb73680f,82b1f50e-27e7-4096-810f-fca8b0caab9a,3,17:00,22:00,57,2026-05-13T10:16:53Z,2026-04-28T00:16:53Z
5e60bae9-3389-499b-9f77-9ebfaf7a810f,82b1f50e-27e7-4096-810f-fca8b0caab9a,4,11:00,14:00,56,2026-05-13T10:16:53Z,2026-04-28T00:16:53Z
07cb9917-b4ce-4ea9-ad1c-7a1ea6847cb2,82b1f50e-27e7-4096-810f-fca8b0caab9a,4,17:00,22:00,76,2026-05-13T10:16:53Z,2026-04-28T00:16:53Z
857dd779-9e7c-4d15-a400-29016f6a2e2e,82b1f50e-27e7-4096-810f-fca8b0caab9a,5,11:00,14:00,56,2026-05-13T10:16:53Z,2026-04-28T00:16:53Z
318b4a6c-657e-4a96-9c7c-b73eec773b5f,82b1f50e-27e7-4096-810f-fca8b0caab9a,5,17:00,22:00,73,2026-05-13T10:16:53Z,2026-04-28T00:16:53Z
35615a3d-f9d9-4647-9699-9f4c2e67cf2f,82b1f50e-27e7-4096-810f-fca8b0caab9a,6,11:00,14:00,60,2026-05-13T10:16:53Z,2026-04-28T00:16:53Z
d8c1c4f6-985f-4d89-8ab8-1ab0bc604b6c,82b1f50e-27e7-4096-810f-fca8b0caab9a,6,17:00,22:00,60,2026-05-13T10:16:53Z,2026-04-28T00:16:53Z
74a58811-a3eb-4476-9081-fc163693f0d7,7eaf537d-cead-41f3-b19f-26b9cd04eeba,0,11:00,14:00,36,2026-05-13T10:16:53Z,2026-04-28T00:16:53Z
0031ed4a-3db2-4f97-8ab6-48da0192ab3c,7eaf537d-cead-41f3-b19f-26b9cd04eeba,0,17:00,22:00,77,2026-05-13T10:16:53Z,2026-04-28T00:16:53Z
ccf02a38-12ab-47d1-bb07-d3358d3bf7e6,7eaf537d-cead-41f3-b19f-26b9cd04eeba,1,11:00,14:00,42,2026-05-13T10:16:53Z,2026-04-28T00:16:53Z
410dcc64-c23f-466e-9480-eb7682740bc9,7eaf537d-cead-41f3-b19f-26b9cd04eeba,1,17:00,22:00,68,2026-05-13T10:16:53Z,2026-04-28T00:16:53Z
b2fbc801-422d-4a68-9edb-0d5ad89221df,7eaf537d-cead-41f3-b19f-26b9cd04eeba,2,11:00,14:00,40,2026-05-13T10:16:53Z,2026-04-28T00:16:53Z
72521612-82b6-4acf-bc9c-9fd5fe33d936,7eaf537d-cead-41f3-b19f-26b9cd04eeba,2,17:00,22:00,60,2026-05-13T10:16:53Z,2026-04-28T00:16:53Z
0427ce9a-b9a9-4110-b43b-8a5f2317bebe,7eaf537d-cead-41f3-b19f-26b9cd04eeba,3,11:00,14:00,30,2026-05-13T10:16:53Z,2026-04-28T00:16:53Z
ded8a96f-b33c-4478-9288-1a0a4e12635e,7eaf537d-cead-41f3-b19f-26b9cd04eeba,3,17:00,22:00,72,2026-05-13T10:16:53Z,2026-04-28T00:16:53Z
0ee419d2-a1f6-48de-9129-8dded7a659a2,7eaf537d-cead-41f3-b19f-26b9cd04eeba,4,11:00,14:00,42,2026-05-13T10:16:53Z,2026-04-28T00:16:53Z
b6e14088-72e5-4a3c-89a8-a53a497ea475,7eaf537d-cead-41f3-b19f-26b9cd04eeba,4,17:00,22:00,52,2026-05-13T10:16:53Z,2026-04-28T00:16:53Z
7781cc8a-a393-48e2-a432-a17d1691f4ba,7eaf537d-cead-41f3-b19f-26b9cd04eeba,5,11:00,14:00,57,2026-05-13T10:16:53Z,2026-04-28T00:16:53Z
fa58a18c-0d7e-4781-a471-41244abe47e4,7eaf537d-cead-41f3-b19f-26b9cd04eeba,5,17:00,22:00,65,2026-05-13T10:16:53Z,2026-04-28T00:16:53Z
6615c766-ee69-4beb-a244-3f4bd809ad31,7eaf537d-cead-41f3-b19f-26b9cd04eeba,6,11:00,14:00,54,2026-05-13T10:16:53Z,2026-04-28T00:16:53Z
59baa065-aa43-49a3-8952-ab92e427403b,7eaf537d-cead-41f3-b19f-26b9cd04eeba,6,17:00,22:00,62,2026-05-13T10:16:53Z,2026-04-28T00:16:53Z
8839a51e-f63d-4a18-9660-9d34516b9ec3,50c82fd4-a6f2-4766-bf35-0537c77c3d2a,0,11:00,14:00,35,2026-05-13T10:16:53Z,2026-04-28T00:16:53Z
0efbb061-a696-4cd0-8138-9d938775ba07,50c82fd4-a6f2-4766-bf35-0537c77c3d2a,0,17:00,22:00,58,2026-05-13T10:16:53Z,2026-04-28T00:16:53Z
213cb4c7-9b10-4d5f-90ab-f6022b89142c,50c82fd4-a6f2-4766-bf35-0537c77c3d2a,1,11:00,14:00,58,2026-05-13T10:16:53Z,2026-04-28T00:16:53Z
e270fa83-ac83-4a1c-b065-d7482e635c46,50c82fd4-a6f2-4766-bf35-0537c77c3d2a,1,17:00,22:00,62,2026-05-13T10:16:53Z,2026-04-28T00:16:53Z
bd6d7415-61b5-4e40-a7a1-428e4974e8a1,50c82fd4-a6f2-4766-bf35-0537c77c3d2a,2,11:00,14:00,51,2026-05-13T10:16:53Z,2026-04-28T00:16:53Z
842da31c-eb15-49c5-bfcc-4203497cd998,50c82fd4-a6f2-4766-bf35-0537c77c3d2a,2,17:00,22:00,54,2026-05-13T10:16:53Z,2026-04-28T00:16:53Z
c065ff9a-f045-422d-8852-874df5220fae,50c82fd4-a6f2-4766-bf35-0537c77c3d2a,3,11:00,14:00,45,2026-05-13T10:16:53Z,2026-04-28T00:16:53Z
5ab9c15d-c429-4ebb-ac15-469aabe2b235,50c82fd4-a6f2-4766-bf35-0537c77c3d2a,3,17:00,22:00,58,2026-05-13T10:16:53Z,2026-04-28T00:16:53Z
e94a8f61-342c-4147-8e77-580ee8de230d,50c82fd4-a6f2-4766-bf35-0537c77c3d2a,4,11:00,14:00,59,2026-05-13T10:16:53Z,2026-04-28T00:16:53Z
2bee75c4-6c54-4443-b31e-ff2c639bba39,50c82fd4-a6f2-4766-bf35-0537c77c3d2a,4,17:00,22:00,65,2026-05-13T10:16:53Z,2026-04-28T00:16:53Z
301e980d-9c9f-4126-a0d1-679ee3979478,50c82fd4-a6f2-4766-bf35-0537c77c3d2a,5,11:00,14:00,38,2026-05-13T10:16:53Z,2026-04-28T00:16:53Z
010793c1-e3c1-4f80-b1e3-34f52a9b37ee,50c82fd4-a6f2-4766-bf35-0537c77c3d2a,5,17:00,22:00,73,2026-05-13T10:16:53Z,2026-04-28T00:16:53Z
3d3c55b4-cc97-4ca7-860d-63edd7b1cefe,50c82fd4-a6f2-4766-bf35-0537c77c3d2a,6,11:00,14:00,30,2026-05-13T10:16:53Z,2026-04-28T00:16:53Z
2cfaa2a7-efb3-48bf-90ea-ecd50ca2dcea,50c82fd4-a6f2-4766-bf35-0537c77c3d2a,6,17:00,22:00,78,2026-05-13T10:16:53Z,2026-04-28T00:16:53Z
b54e45ea-9098-486e-94cb-012eb96d66ec,b898caa4-dc3d-47ed-9f6a-f43279609730,0,11:00,14:00,30,2026-05-13T10:16:53Z,2026-04-28T00:16:53Z
b674a524-2b38-4515-bed8-375a91bbb51c,b898caa4-dc3d-47ed-9f6a-f43279609730,0,17:00,22:00,57,2026-05-13T10:16:53Z,2026-04-28T00:16:53Z
f2ef08a6-f102-4f1c-87c0-80b92fd774a5,b898caa4-dc3d-47ed-9f6a-f43279609730,1,11:00,14:00,46,2026-05-13T10:16:53Z,2026-04-28T00:16:53Z
050234e1-1b11-4e9d-8ac0-18f4536974ab,b898caa4-dc3d-47ed-9f6a-f43279609730,1,17:00,22:00,73,2026-05-13T10:16:53Z,2026-04-28T00:16:53Z
d11da5da-3ec2-482d-a312-3b1d70cc8338,b898caa4-dc3d-47ed-9f6a-f43279609730,2,11:00,14:00,57,2026-05-13T10:16:53Z,2026-04-28T00:16:53Z
d5d1a689-3ee5-4230-9290-07846fb3937f,b898caa4-dc3d-47ed-9f6a-f43279609730,2,17:00,22:00,53,2026-05-13T10:16:53Z,2026-04-28T00:16:53Z
fc2dcf5c-1af4-4f08-acdc-a1ccde416e39,b898caa4-dc3d-47ed-9f6a-f43279609730,3,11:00,14:00,40,2026-05-13T10:16:53Z,2026-04-28T00:16:53Z
28481c31-a930-4035-ac76-224079290fe7,b898caa4-dc3d-47ed-9f6a-f43279609730,3,17:00,22:00,66,2026-05-13T10:16:53Z,2026-04-28T00:16:53Z
930fbfa7-231a-47a5-ac13-b254a0866985,b898caa4-dc3d-47ed-9f6a-f43279609730,4,11:00,14:00,30,2026-05-13T10:16:53Z,2026-04-28T00:16:53Z
505a2519-be00-4df3-a85a-d2977ac89c3f,b898caa4-dc3d-47ed-9f6a-f43279609730,4,17:00,22:00,63,2026-05-13T10:16:53Z,2026-04-28T00:16:53Z
14a1d158-80a1-49e3-b500-60ce26276c84,b898caa4-dc3d-47ed-9f6a-f43279609730,5,11:00,14:00,38,2026-05-13T10:16:53Z,2026-04-28T00:16:53Z
e14d3381-1827-42ff-a2fe-3e84235c1f49,b898caa4-dc3d-47ed-9f6a-f43279609730,5,17:00,22:00,58,2026-05-13T10:16:53Z,2026-04-28T00:16:53Z
4a8f17a5-d736-4df6-af7e-c169d174c8d5,b898caa4-dc3d-47ed-9f6a-f43279609730,6,11:00,14:00,42,2026-05-13T10:16:53Z,2026-04-28T00:16:53Z
5584e615-3469-4b14-a3a6-f513acf0df7f,b898caa4-dc3d-47ed-9f6a-f43279609730,6,17:00,22:00,76,2026-05-13T10:16:53Z,2026-04-28T00:16:53Z
2f4a4e76-07df-413f-a1b2-39d79f9fde60,6afb625f-a216-4c23-b037-bf4547348ddd,0,11:00,14:00,33,2026-05-13T10:16:53Z,2026-04-28T00:16:53Z
62d24523-3432-4221-a51b-ff7542795586,6afb625f-a216-4c23-b037-bf4547348ddd,0,17:00,22:00,66,2026-05-13T10:16:53Z,2026-04-28T00:16:53Z
a0bbec14-7f0d-4d45-b1b1-bc6803f7de4d,6afb625f-a216-4c23-b037-bf4547348ddd,1,11:00,14:00,56,2026-05-13T10:16:53Z,2026-04-28T00:16:53Z
a43838e8-6062-49fb-a1dc-0665e6bbbce7,6afb625f-a216-4c23-b037-bf4547348ddd,1,17:00,22:00,50,2026-05-13T10:16:53Z,2026-04-28T00:16:53Z
a319cda2-9a40-4660-b5f0-59ed973a6116,6afb625f-a216-4c23-b037-bf4547348ddd,2,11:00,14:00,50,2026-05-13T10:16:53Z,2026-04-28T00:16:53Z
4ef0dc33-3937-4b11-bd96-b98ec8268222,6afb625f-a216-4c23-b037-bf4547348ddd,2,17:00,22:00,68,2026-05-13T10:16:53Z,2026-04-28T00:16:53Z
b1f9e575-24f9-4ed0-93e3-0fa4b31f7797,6afb625f-a216-4c23-b037-bf4547348ddd,3,11:00,14:00,57,2026-05-13T10:16:53Z,2026-04-28T00:16:53Z
025574ef-1bf1-4e47-b15f-eb2bf1e7a1b8,6afb625f-a216-4c23-b037-bf4547348ddd,3,17:00,22:00,62,2026-05-13T10:16:53Z,2026-04-28T00:16:53Z
588969d6-b207-47a2-b596-ac6ffd09ec44,6afb625f-a216-4c23-b037-bf4547348ddd,4,11:00,14:00,53,2026-05-13T10:16:53Z,2026-04-28T00:16:53Z
02946691-f03d-4a89-a3f0-30d83f8dff1d,6afb625f-a216-4c23-b037-bf4547348ddd,4,17:00,22:00,72,2026-05-13T10:16:53Z,2026-04-28T00:16:53Z
6d07df9e-4128-463d-809c-2d3504c6e994,6afb625f-a216-4c23-b037-bf4547348ddd,5,11:00,14:00,40,2026-05-13T10:16:53Z,2026-04-28T00:16:53Z
95ff5c27-2d6d-4f41-bf72-75be2c386dc2,6afb625f-a216-4c23-b037-bf4547348ddd,5,17:00,22:00,72,2026-05-13T10:16:53Z,2026-04-28T00:16:53Z
b40e80ec-66d1-40c7-8c37-30b5bf1f551c,6afb625f-a216-4c23-b037-bf4547348ddd,6,11:00,14:00,37,2026-05-13T10:16:53Z,2026-04-28T00:16:53Z
fea59949-20d4-4398-805c-886ab77ec12b,6afb625f-a216-4c23-b037-bf4547348ddd,6,17:00,22:00,64,2026-05-13T10:16:53Z,2026-04-28T00:16:53Z
1ce35dd6-683a-4009-b5f5-65a218ace9bc,c388298f-db03-4c58-9171-f765f0fc4381,0,11:00,14:00,58,2026-05-13T10:16:53Z,2026-04-28T00:16:53Z
ecd11fce-cad2-4662-981c-92c817cb4afc,c388298f-db03-4c58-9171-f765f0fc4381,0,17:00,22:00,74,2026-05-13T10:16:53Z,2026-04-28T00:16:53Z
7bb28d53-d8e3-4cab-984f-7afb916d5509,c388298f-db03-4c58-9171-f765f0fc4381,1,11:00,14:00,40,2026-05-13T10:16:53Z,2026-04-28T00:16:53Z
ef491a09-6176-40c8-9b46-0828d07ee266,c388298f-db03-4c58-9171-f765f0fc4381,1,17:00,22:00,55,2026-05-13T10:16:53Z,2026-04-28T00:16:53Z
a0f47031-169b-4799-a6a9-a89a294d640b,c388298f-db03-4c58-9171-f765f0fc4381,2,11:00,14:00,48,2026-05-13T10:16:53Z,2026-04-28T00:16:53Z
51bae637-e9ea-49c5-9a93-39be60c14bc1,c388298f-db03-4c58-9171-f765f0fc4381,2,17:00,22:00,57,2026-05-13T10:16:53Z,2026-04-28T00:16:53Z
21b012bd-5c71-4d3f-a85c-8b2005038719,c388298f-db03-4c58-9171-f765f0fc4381,3,11:00,14:00,57,2026-05-13T10:16:53Z,2026-04-28T00:16:53Z
cbafc4bf-8d5d-4f89-aa89-5dac2f0c0110,c388298f-db03-4c58-9171-f765f0fc4381,3,17:00,22:00,73,2026-05-13T10:16:53Z,2026-04-28T00:16:53Z
aa46f4e3-8c66-4703-8092-941c82a05ec5,c388298f-db03-4c58-9171-f765f0fc4381,4,11:00,14:00,59,2026-05-13T10:16:53Z,2026-04-28T00:16:53Z
d1c3a6a4-ccff-4894-8bce-a2fe6cb80e8b,c388298f-db03-4c58-9171-f765f0fc4381,4,17:00,22:00,79,2026-05-13T10:16:53Z,2026-04-28T00:16:53Z
d33e810b-9baa-49f3-9a84-46d05f749316,c388298f-db03-4c58-9171-f765f0fc4381,5,11:00,14:00,43,2026-05-13T10:16:53Z,2026-04-28T00:16:53Z
0a2642b2-c55a-41ee-ac71-7e744dfa5ec1,c388298f-db03-4c58-9171-f765f0fc4381,5,17:00,22:00,74,2026-05-13T10:16:53Z,2026-04-28T00:16:53Z
4cf5af37-e1e7-4546-be1c-4668d7385162,c388298f-db03-4c58-9171-f765f0fc4381,6,11:00,14:00,43,2026-05-13T10:16:53Z,2026-04-28T00:16:53Z
8378e13a-92aa-405d-aa58-f27a68bb4890,c388298f-db03-4c58-9171-f765f0fc4381,6,17:00,22:00,56,2026-05-13T10:16:53Z,2026-04-28T00:16:53Z
d7224f0f-4915-41f9-8418-d8b2db1588f4,ae44956e-3170-4e64-843d-418cae461df7,0,11:00,14:00,46,2026-05-13T10:16:53Z,2026-04-28T00:16:53Z
673c8c60-7a90-4ea3-8fd3-5773f40f1b42,ae44956e-3170-4e64-843d-418cae461df7,0,17:00,22:00,56,2026-05-13T10:16:53Z,2026-04-28T00:16:53Z
47e7be3f-a652-4a59-9d96-ed32a03840a1,ae44956e-3170-4e64-843d-418cae461df7,1,11:00,14:00,30,2026-05-13T10:16:53Z,2026-04-28T00:16:53Z
64c32464-5eef-4171-bf60-ca5189d554fb,ae44956e-3170-4e64-843d-418cae461df7,1,17:00,22:00,52,2026-05-13T10:16:53Z,2026-04-28T00:16:53Z
3362d328-7de3-4bf8-a4e8-2cecdf645201,ae44956e-3170-4e64-843d-418cae461df7,2,11:00,14:00,47,2026-05-13T10:16:53Z,2026-04-28T00:16:53Z
8f76ff4c-7cbd-4154-8c28-137df8cbf9c2,ae44956e-3170-4e64-843d-418cae461df7,2,17:00,22:00,55,2026-05-13T10:16:53Z,2026-04-28T00:16:53Z
974dc495-c350-4a83-8078-d81b13335207,ae44956e-3170-4e64-843d-418cae461df7,3,11:00,14:00,49,2026-05-13T10:16:53Z,2026-04-28T00:16:53Z
3f9fca06-e250-44a6-b372-bbd2347b4806,ae44956e-3170-4e64-843d-418cae461df7,3,17:00,22:00,60,2026-05-13T10:16:53Z,2026-04-28T00:16:53Z
62084137-5d45-4cdb-bee5-a2f183cd52d3,ae44956e-3170-4e64-843d-418cae461df7,4,11:00,14:00,56,2026-05-13T10:16:53Z,2026-04-28T00:16:53Z
ca6db924-abd3-4176-8ed2-56a5f5336487,ae44956e-3170-4e64-843d-418cae461df7,4,17:00,22:00,74,2026-05-13T10:16:53Z,2026-04-28T00:16:53Z
4400ae85-d72f-4ff7-ab33-58cb14b23b5a,ae44956e-3170-4e64-843d-418cae461df7,5,11:00,14:00,32,2026-05-13T10:16:53Z,2026-04-28T00:16:53Z
ada3392e-7181-47db-bfa2-618b704a6e54,ae44956e-3170-4e64-843d-418cae461df7,5,17:00,22:00,60,2026-05-13T10:16:53Z,2026-04-28T00:16:53Z
b8682b5c-a68a-456f-ab3c-d48f99f724e0,ae44956e-3170-4e64-843d-418cae461df7,6,11:00,14:00,36,2026-05-13T10:16:53Z,2026-04-28T00:16:53Z
761677bc-14e5-415a-8ba1-1248d2d9ebf9,ae44956e-3170-4e64-843d-418cae461df7,6,17:00,22:00,73,2026-05-13T10:16:53Z,2026-04-28T00:16:53Z
265580a5-d31f-4b97-8734-8494f18b99b7,3a789878-7e85-4636-8f48-12fddf52f71f,0,11:00,14:00,47,2026-05-13T10:16:53Z,2026-04-28T00:16:53Z
65ece444-1b5c-4e53-8588-de257a95f7a4,3a789878-7e85-4636-8f48-12fddf52f71f,0,17:00,22:00,67,2026-05-13T10:16:53Z,2026-04-28T00:16:53Z
95e39799-2744-41d2-9130-8f9c2228dbc4,3a789878-7e85-4636-8f48-12fddf52f71f,1,11:00,14:00,34,2026-05-13T10:16:53Z,2026-04-28T00:16:53Z
253e821d-42f1-4930-9142-738ca5e29b7a,3a789878-7e85-4636-8f48-12fddf52f71f,1,17:00,22:00,79,2026-05-13T10:16:53Z,2026-04-28T00:16:53Z
1960ec75-fecd-4699-84ff-6bab5f4665e5,3a789878-7e85-4636-8f48-12fddf52f71f,2,11:00,14:00,41,2026-05-13T10:16:53Z,2026-04-28T00:16:53Z
5999d0a3-1306-4c65-97fd-8aa839e5e6ae,3a789878-7e85-4636-8f48-12fddf52f71f,2,17:00,22:00,68,2026-05-13T10:16:53Z,2026-04-28T00:16:53Z
de37d3b0-8bc8-4256-93a3-f0b250ee3b4c,3a789878-7e85-4636-8f48-12fddf52f71f,3,11:00,14:00,50,2026-05-13T10:16:53Z,2026-04-28T00:16:53Z
5bbb5c64-04d7-4e43-808b-96a5566d2f18,3a789878-7e85-4636-8f48-12fddf52f71f,3,17:00,22:00,58,2026-05-13T10:16:53Z,2026-04-28T00:16:53Z
a3b97243-7561-43ab-8b33-a9ead8853419,3a789878-7e85-4636-8f48-12fddf52f71f,4,11:00,14:00,49,2026-05-13T10:16:53Z,2026-04-28T00:16:53Z
63c85e36-93a1-4a21-bd68-8aaaa77f3ab6,3a789878-7e85-4636-8f48-12fddf52f71f,4,17:00,22:00,52,2026-05-13T10:16:53Z,2026-04-28T00:16:53Z
dfdca19f-a47a-4798-932a-eba255122dba,3a789878-7e85-4636-8f48-12fddf52f71f,5,11:00,14:00,38,2026-05-13T10:16:53Z,2026-04-28T00:16:53Z
3c7366bf-1e3c-4f18-b00b-66f36086a8dd,3a789878-7e85-4636-8f48-12fddf52f71f,5,17:00,22:00,76,2026-05-13T10:16:53Z,2026-04-28T00:16:53Z
b4a9a98c-58d1-43df-bc8f-2a465b044ea7,3a789878-7e85-4636-8f48-12fddf52f71f,6,11:00,14:00,31,2026-05-13T10:16:53Z,2026-04-28T00:16:53Z
7ffd3b66-48c4-4c70-b2a8-264d32a54984,3a789878-7e85-4636-8f48-12fddf52f71f,6,17:00,22:00,70,2026-05-13T10:16:53Z,2026-04-28T00:16:53Z
cddbbdc9-f295-4035-9742-a032c1097d1a,e909f7b6-ceaf-4ee3-b082-c4fc1714f851,0,11:00,14:00,38,2026-05-13T10:16:53Z,2026-04-28T00:16:53Z
f4728c3d-7b51-43e5-9850-0b6f36d62188,e909f7b6-ceaf-4ee3-b082-c4fc1714f851,0,17:00,22:00,77,2026-05-13T10:16:53Z,2026-04-28T00:16:53Z
5c44bc91-866e-4922-80fd-86337ec0b7c5,e909f7b6-ceaf-4ee3-b082-c4fc1714f851,1,11:00,14:00,48,2026-05-13T10:16:53Z,2026-04-28T00:16:53Z
b996ae67-f712-4132-8293-83f38995dcad,e909f7b6-ceaf-4ee3-b082-c4fc1714f851,1,17:00,22:00,57,2026-05-13T10:16:53Z,2026-04-28T00:16:53Z
94c7188a-e315-4fbb-abac-2df249e1041a,e909f7b6-ceaf-4ee3-b082-c4fc1714f851,2,11:00,14:00,57,2026-05-13T10:16:53Z,2026-04-28T00:16:53Z
19ca1d06-3f41-4b3d-a2e0-efd0c991ec7f,e909f7b6-ceaf-4ee3-b082-c4fc1714f851,2,17:00,22:00,70,2026-05-13T10:16:53Z,2026-04-28T00:16:53Z
6ba1a176-0ebc-4c21-b819-58717fa32b20,e909f7b6-ceaf-4ee3-b082-c4fc1714f851,3,11:00,14:00,57,2026-05-13T10:16:53Z,2026-04-28T00:16:53Z
7b5b4fa6-713a-4bad-a276-c7fb0a9da1bf,e909f7b6-ceaf-4ee3-b082-c4fc1714f851,3,17:00,22:00,59,2026-05-13T10:16:53Z,2026-04-28T00:16:53Z
cf2111b9-1693-48ca-9493-e424f20a93a7,e909f7b6-ceaf-4ee3-b082-c4fc1714f851,4,11:00,14:00,53,2026-05-13T10:16:53Z,2026-04-28T00:16:53Z
4df9f0f4-711f-4209-8419-4e7fa37c53ff,e909f7b6-ceaf-4ee3-b082-c4fc1714f851,4,17:00,22:00,68,2026-05-13T10:16:53Z,2026-04-28T00:16:53Z
fa02c216-ef15-498a-ac05-72a800ef727e,e909f7b6-ceaf-4ee3-b082-c4fc1714f851,5,11:00,14:00,39,2026-05-13T10:16:53Z,2026-04-28T00:16:53Z
f72ba4ef-0443-4e8a-a3ef-f60d119c91b3,e909f7b6-ceaf-4ee3-b082-c4fc1714f851,5,17:00,22:00,77,2026-05-13T10:16:53Z,2026-04-28T00:16:53Z
9e1a7673-88eb-47a9-b7e4-a87deb4785a1,e909f7b6-ceaf-4ee3-b082-c4fc1714f851,6,11:00,14:00,43,2026-05-13T10:16:53Z,2026-04-28T00:16:53Z
b4817bd3-9e23-403d-919d-f181bb15008e,e909f7b6-ceaf-4ee3-b082-c4fc1714f851,6,17:00,22:00,76,2026-05-13T10:16:53Z,2026-04-28T00:16:53Z
48dfea95-72e0-485d-a7a4-8b75e2b0d81b,6eff06ca-c52d-4482-bf85-d5370a998d33,0,11:00,14:00,32,2026-05-13T10:16:53Z,2026-04-28T00:16:53Z
4a10cac9-2183-4c46-b2f2-706a834eed7b,6eff06ca-c52d-4482-bf85-d5370a998d33,0,17:00,22:00,61,2026-05-13T10:16:53Z,2026-04-28T00:16:53Z
f7869aa6-93b6-486c-96d4-d739b24ea000,6eff06ca-c52d-4482-bf85-d5370a998d33,1,11:00,14:00,43,2026-05-13T10:16:53Z,2026-04-28T00:16:53Z
aaec3c06-c9a8-4895-aab1-25b227048f39,6eff06ca-c52d-4482-bf85-d5370a998d33,1,17:00,22:00,80,2026-05-13T10:16:53Z,2026-04-28T00:16:53Z
07026281-d7b2-4cf8-b0f3-d8c15df64a33,6eff06ca-c52d-4482-bf85-d5370a998d33,2,11:00,14:00,33,2026-05-13T10:16:53Z,2026-04-28T00:16:53Z
14a154b7-c55e-40ab-8729-3fd0332607e2,6eff06ca-c52d-4482-bf85-d5370a998d33,2,17:00,22:00,78,2026-05-13T10:16:53Z,2026-04-28T00:16:53Z
bbc42649-247d-4f4c-8bf1-6db9de04257f,6eff06ca-c52d-4482-bf85-d5370a998d33,3,11:00,14:00,52,2026-05-13T10:16:53Z,2026-04-28T00:16:53Z
1881c8b6-ec53-465e-a3de-7f42f6956bcf,6eff06ca-c52d-4482-bf85-d5370a998d33,3,17:00,22:00,59,2026-05-13T10:16:53Z,2026-04-28T00:16:53Z
92a3974f-28cb-4ab9-8a31-04bfa04a0cd8,6eff06ca-c52d-4482-bf85-d5370a998d33,4,11:00,14:00,56,2026-05-13T10:16:53Z,2026-04-28T00:16:53Z
09f68b8f-f103-40ea-94a0-dcc58c035b02,6eff06ca-c52d-4482-bf85-d5370a998d33,4,17:00,22:00,60,2026-05-13T10:16:53Z,2026-04-28T00:16:53Z
59dc3f93-fbc2-4bdf-8cd0-eca5c0593e53,6eff06ca-c52d-4482-bf85-d5370a998d33,5,11:00,14:00,32,2026-05-13T10:16:53Z,2026-04-28T00:16:53Z
78324d40-2709-49be-bc41-d68219e26d48,6eff06ca-c52d-4482-bf85-d5370a998d33,5,17:00,22:00,64,2026-05-13T10:16:53Z,2026-04-28T00:16:53Z
18f65dc7-f658-4235-9320-2ead6a3a1a69,6eff06ca-c52d-4482-bf85-d5370a998d33,6,11:00,14:00,34,2026-05-13T10:16:53Z,2026-04-28T00:16:53Z
e859ad63-d01e-49d2-bc48-92dbe535b92f,6eff06ca-c52d-4482-bf85-d5370a998d33,6,17:00,22:00,61,2026-05-13T10:16:53Z,2026-04-28T00:16:53Z
489cdbfd-823e-47a1-9fea-dfcaadef2f94,34ddebe3-700c-4f44-8fb5-13a9e4db0c77,0,11:00,14:00,58,2026-05-13T10:16:53Z,2026-04-28T00:16:53Z
2f8fab68-8df6-4ba5-ad61-ab3c95ccdaa5,34ddebe3-700c-4f44-8fb5-13a9e4db0c77,0,17:00,22:00,57,2026-05-13T10:16:53Z,2026-04-28T00:16:53Z
a6f71dca-13d7-45b9-b9d9-eaa6b79bb3ac,34ddebe3-700c-4f44-8fb5-13a9e4db0c77,1,11:00,14:00,34,2026-05-13T10:16:53Z,2026-04-28T00:16:53Z
0e767e4d-6daa-4bed-b846-53a689308e72,34ddebe3-700c-4f44-8fb5-13a9e4db0c77,1,17:00,22:00,67,2026-05-13T10:16:53Z,2026-04-28T00:16:53Z
57925f45-5c72-4c0d-8e45-f151845c50b1,34ddebe3-700c-4f44-8fb5-13a9e4db0c77,2,11:00,14:00,32,2026-05-13T10:16:53Z,2026-04-28T00:16:53Z
f39cf757-1350-4f17-9f63-b0eeaf17c4d4,34ddebe3-700c-4f44-8fb5-13a9e4db0c77,2,17:00,22:00,71,2026-05-13T10:16:53Z,2026-04-28T00:16:53Z
33fcea0d-1102-47b5-8f11-46c10140bb2f,34ddebe3-700c-4f44-8fb5-13a9e4db0c77,3,11:00,14:00,56,2026-05-13T10:16:53Z,2026-04-28T00:16:53Z
5747bc39-67a6-40f9-b55e-8eb8c186971a,34ddebe3-700c-4f44-8fb5-13a9e4db0c77,3,17:00,22:00,68,2026-05-13T10:16:53Z,2026-04-28T00:16:53Z
0aa52a0c-be68-4081-8b56-3d23bb69c242,34ddebe3-700c-4f44-8fb5-13a9e4db0c77,4,11:00,14:00,41,2026-05-13T10:16:53Z,2026-04-28T00:16:53Z
4386f85f-b9e4-4aee-9851-e7823bc25129,34ddebe3-700c-4f44-8fb5-13a9e4db0c77,4,17:00,22:00,78,2026-05-13T10:16:53Z,2026-04-28T00:16:53Z
8bccde6e-38e2-45d4-bf2c-68bf13710287,34ddebe3-700c-4f44-8fb5-13a9e4db0c77,5,11:00,14:00,40,2026-05-13T10:16:53Z,2026-04-28T00:16:53Z
33a898e6-822b-4fee-834c-cc68a86d86e4,34ddebe3-700c-4f44-8fb5-13a9e4db0c77,5,17:00,22:00,66,2026-05-13T10:16:53Z,2026-04-28T00:16:53Z
f23a705f-f155-4219-92ad-b8a921d742c2,34ddebe3-700c-4f44-8fb5-13a9e4db0c77,6,11:00,14:00,41,2026-05-13T10:16:53Z,2026-04-28T00:16:53Z
494e17e5-8c36-4d0c-a1ea-8d518ad75795,34ddebe3-700c-4f44-8fb5-13a9e4db0c77,6,17:00,22:00,70,2026-05-13T10:16:53Z,2026-04-28T00:16:53Z
4b83a9a4-3b57-4444-9f54-427953a526c0,4228ca94-f3ec-4c8b-b628-e08882e93571,0,11:00,14:00,52,2026-05-13T10:16:53Z,2026-04-28T00:16:53Z
a2d073cb-d258-421c-aa74-800fbbd6280b,4228ca94-f3ec-4c8b-b628-e08882e93571,0,17:00,22:00,62,2026-05-13T10:16:53Z,2026-04-28T00:16:53Z
719c1178-aa29-400f-a31c-6ea4f9df7804,4228ca94-f3ec-4c8b-b628-e08882e93571,1,11:00,14:00,48,2026-05-13T10:16:53Z,2026-04-28T00:16:53Z
f63f18d0-ed5e-46e1-8245-b977d28c53d9,4228ca94-f3ec-4c8b-b628-e08882e93571,1,17:00,22:00,72,2026-05-13T10:16:53Z,2026-04-28T00:16:53Z
c37a0e81-9291-476b-ace1-710d98a3dd61,4228ca94-f3ec-4c8b-b628-e08882e93571,2,11:00,14:00,45,2026-05-13T10:16:53Z,2026-04-28T00:16:53Z
98859a0a-20c2-439d-b997-543f8c079bf6,4228ca94-f3ec-4c8b-b628-e08882e93571,2,17:00,22:00,64,2026-05-13T10:16:53Z,2026-04-28T00:16:53Z
ec9fb69d-871b-4ffa-9df6-41fc9f30e989,4228ca94-f3ec-4c8b-b628-e08882e93571,3,11:00,14:00,51,2026-05-13T10:16:53Z,2026-04-28T00:16:53Z
1a241e55-fac5-4c9a-bcd4-6bfc099506e7,4228ca94-f3ec-4c8b-b628-e08882e93571,3,17:00,22:00,73,2026-05-13T10:16:53Z,2026-04-28T00:16:53Z
f1b85f5b-5842-4bd5-b3be-248b729a6922,4228ca94-f3ec-4c8b-b628-e08882e93571,4,11:00,14:00,34,2026-05-13T10:16:53Z,2026-04-28T00:16:53Z
df9a5560-9351-4894-bdaf-e0488bcf8cb9,4228ca94-f3ec-4c8b-b628-e08882e93571,4,17:00,22:00,64,2026-05-13T10:16:53Z,2026-04-28T00:16:53Z
296d4d3b-6522-4a40-9244-fc80f9850534,4228ca94-f3ec-4c8b-b628-e08882e93571,5,11:00,14:00,55,2026-05-13T10:16:53Z,2026-04-28T00:16:53Z
3d669e99-e1af-4bfb-a6e3-9a03c6a70319,4228ca94-f3ec-4c8b-b628-e08882e93571,5,17:00,22:00,76,2026-05-13T10:16:53Z,2026-04-28T00:16:53Z
d51cce1c-ca8c-40d6-a459-1730323f7d80,4228ca94-f3ec-4c8b-b628-e08882e93571,6,11:00,14:00,33,2026-05-13T10:16:53Z,2026-04-28T00:16:53Z
924a0008-c73a-40b5-82fc-052871d00a05,4228ca94-f3ec-4c8b-b628-e08882e93571,6,17:00,22:00,65,2026-05-13T10:16:53Z,2026-04-28T00:16:53Z
2bd86ed9-0ec8-47fc-adc9-b340e01d8077,d83139cd-5c61-4e28-9ef8-dda3bb3eaac5,0,11:00,14:00,60,2026-05-13T10:16:53Z,2026-04-28T00:16:53Z
220b4b82-e778-4b71-87a7-aaed193aaae1,d83139cd-5c61-4e28-9ef8-dda3bb3eaac5,0,17:00,22:00,64,2026-05-13T10:16:53Z,2026-04-28T00:16:53Z
e3223dd9-6715-4264-879f-8319b73315bf,d83139cd-5c61-4e28-9ef8-dda3bb3eaac5,1,11:00,14:00,33,2026-05-13T10:16:53Z,2026-04-28T00:16:53Z
0cc01dac-3d9d-4028-9342-c22aeef30c91,d83139cd-5c61-4e28-9ef8-dda3bb3eaac5,1,17:00,22:00,73,2026-05-13T10:16:53Z,2026-04-28T00:16:53Z
e8562fc2-4b41-471b-a407-2d1c79224030,d83139cd-5c61-4e28-9ef8-dda3bb3eaac5,2,11:00,14:00,54,2026-05-13T10:16:53Z,2026-04-28T00:16:53Z
fc7d447c-af63-4903-b7d7-e0eedc6e7829,d83139cd-5c61-4e28-9ef8-dda3bb3eaac5,2,17:00,22:00,67,2026-05-13T10:16:53Z,2026-04-28T00:16:53Z
e6c51bbe-0d4d-4c1f-913e-43b88a5d3dfc,d83139cd-5c61-4e28-9ef8-dda3bb3eaac5,3,11:00,14:00,44,2026-05-13T10:16:53Z,2026-04-28T00:16:53Z
5d76ef91-0bef-4c10-bfca-71e1ca3b26cf,d83139cd-5c61-4e28-9ef8-dda3bb3eaac5,3,17:00,22:00,51,2026-05-13T10:16:53Z,2026-04-28T00:16:53Z
fa0a7868-32f1-4a72-8542-c249794dc92b,d83139cd-5c61-4e28-9ef8-dda3bb3eaac5,4,11:00,14:00,51,2026-05-13T10:16:53Z,2026-04-28T00:16:53Z
b5f27e8e-9d15-498e-853d-d9930b168987,d83139cd-5c61-4e28-9ef8-dda3bb3eaac5,4,17:00,22:00,56,2026-05-13T10:16:53Z,2026-04-28T00:16:53Z
94c4e022-190e-4a7c-bee3-342309d59dd4,d83139cd-5c61-4e28-9ef8-dda3bb3eaac5,5,11:00,14:00,53,2026-05-13T10:16:53Z,2026-04-28T00:16:53Z
b655cfab-1e16-4c45-bede-a919e339f232,d83139cd-5c61-4e28-9ef8-dda3bb3eaac5,5,17:00,22:00,72,2026-05-13T10:16:53Z,2026-04-28T00:16:53Z
e4024ba7-17a7-4bb5-99af-8ac5d8bf27ce,d83139cd-5c61-4e28-9ef8-dda3bb3eaac5,6,11:00,14:00,45,2026-05-13T10:16:53Z,2026-04-28T00:16:53Z
8cf4bf8f-799d-4fdf-9375-d21c6e12aea6,d83139cd-5c61-4e28-9ef8-dda3bb3eaac5,6,17:00,22:00,77,2026-05-13T10:16:53Z,2026-04-28T00:16:53Z
aaa8229b-181d-4396-b8e9-328f3a274d20,9115f685-f7cb-4e1f-b3a5-8d8323d8d162,0,11:00,14:00,46,2026-05-13T10:16:53Z,2026-04-28T00:16:53Z
f39edf22-5e6a-4619-ad68-cb3279b25383,9115f685-f7cb-4e1f-b3a5-8d8323d8d162,0,17:00,22:00,74,2026-05-13T10:16:53Z,2026-04-28T00:16:53Z
2f80b0b8-91d1-47c4-8024-4ffb3e8b4d88,9115f685-f7cb-4e1f-b3a5-8d8323d8d162,1,11:00,14:00,41,2026-05-13T10:16:53Z,2026-04-28T00:16:53Z
42c5ed95-3b7a-4371-af83-edd9b5b7d4c5,9115f685-f7cb-4e1f-b3a5-8d8323d8d162,1,17:00,22:00,78,2026-05-13T10:16:53Z,2026-04-28T00:16:53Z
fefc1164-ab5e-4f59-9cdb-510959a7470b,9115f685-f7cb-4e1f-b3a5-8d8323d8d162,2,11:00,14:00,36,2026-05-13T10:16:53Z,2026-04-28T00:16:53Z
1cd0d939-37ba-4d0a-a75c-55a782755dd1,9115f685-f7cb-4e1f-b3a5-8d8323d8d162,2,17:00,22:00,51,2026-05-13T10:16:53Z,2026-04-28T00:16:53Z
671f9269-9d1f-4408-aa18-9c22ff34bec6,9115f685-f7cb-4e1f-b3a5-8d8323d8d162,3,11:00,14:00,55,2026-05-13T10:16:53Z,2026-04-28T00:16:53Z
3310872f-b722-4b64-9c3d-07860e7edef0,9115f685-f7cb-4e1f-b3a5-8d8323d8d162,3,17:00,22:00,80,2026-05-13T10:16:53Z,2026-04-28T00:16:53Z
016df166-0ca4-4e5b-b4f8-1de0331a56d8,9115f685-f7cb-4e1f-b3a5-8d8323d8d162,4,11:00,14:00,55,2026-05-13T10:16:53Z,2026-04-28T00:16:53Z
07592ddf-230c-47f5-a0ad-b67840774532,9115f685-f7cb-4e1f-b3a5-8d8323d8d162,4,17:00,22:00,71,2026-05-13T10:16:53Z,2026-04-28T00:16:53Z
b29c91e6-ee6e-4dec-9d63-c2b85ae5b31c,9115f685-f7cb-4e1f-b3a5-8d8323d8d162,5,11:00,14:00,55,2026-05-13T10:16:53Z,2026-04-28T00:16:53Z
9f7ace5c-e196-47cb-ab25-93c7023d381e,9115f685-f7cb-4e1f-b3a5-8d8323d8d162,5,17:00,22:00,69,2026-05-13T10:16:53Z,2026-04-28T00:16:53Z
a6630e33-31a4-4aae-8254-13da47e8d1a9,9115f685-f7cb-4e1f-b3a5-8d8323d8d162,6,11:00,14:00,35,2026-05-13T10:16:53Z,2026-04-28T00:16:53Z
47337c61-06fa-4338-b4ec-85691d570cf8,9115f685-f7cb-4e1f-b3a5-8d8323d8d162,6,17:00,22:00,79,2026-05-13T10:16:53Z,2026-04-28T00:16:53Z
272edc6f-d88d-4a1d-9a7f-85fac565ddd5,248bdbdf-9236-4240-a4e2-af009a22c829,0,11:00,14:00,31,2026-05-13T10:16:53Z,2026-04-28T00:16:53Z
e0c42cfd-fce4-4653-bc8a-c01ac5338f9f,248bdbdf-9236-4240-a4e2-af009a22c829,0,17:00,22:00,76,2026-05-13T10:16:53Z,2026-04-28T00:16:53Z
81f274a3-1d9b-4917-80d0-f6d0103558f0,248bdbdf-9236-4240-a4e2-af009a22c829,1,11:00,14:00,54,2026-05-13T10:16:53Z,2026-04-28T00:16:53Z
02cb7b3e-ea55-40fe-8b56-e9e0ffbc5d2d,248bdbdf-9236-4240-a4e2-af009a22c829,1,17:00,22:00,61,2026-05-13T10:16:53Z,2026-04-28T00:16:53Z
56a2c9e7-ae88-4afb-9314-27c1e39dd990,248bdbdf-9236-4240-a4e2-af009a22c829,2,11:00,14:00,38,2026-05-13T10:16:53Z,2026-04-28T00:16:53Z
0dba6314-d576-442a-8a8a-08630ae0d862,248bdbdf-9236-4240-a4e2-af009a22c829,2,17:00,22:00,76,2026-05-13T10:16:53Z,2026-04-28T00:16:53Z
6ac129d4-c483-4707-8eb6-21ba432dfc85,248bdbdf-9236-4240-a4e2-af009a22c829,3,11:00,14:00,44,2026-05-13T10:16:53Z,2026-04-28T00:16:53Z
eed0f269-65fb-4f55-866a-c760c21e410a,248bdbdf-9236-4240-a4e2-af009a22c829,3,17:00,22:00,59,2026-05-13T10:16:53Z,2026-04-28T00:16:53Z
738cf020-a566-4319-9791-9d816078aa3f,248bdbdf-9236-4240-a4e2-af009a22c829,4,11:00,14:00,33,2026-05-13T10:16:53Z,2026-04-28T00:16:53Z
dd8e4c41-7f58-40bb-8ad4-9c830bd58213,248bdbdf-9236-4240-a4e2-af009a22c829,4,17:00,22:00,61,2026-05-13T10:16:53Z,2026-04-28T00:16:53Z
a35d0f14-b35a-4de0-a9d2-692acaa366b6,248bdbdf-9236-4240-a4e2-af009a22c829,5,11:00,14:00,45,2026-05-13T10:16:53Z,2026-04-28T00:16:53Z
97b7e039-dc94-4737-9beb-a74452860bcd,248bdbdf-9236-4240-a4e2-af009a22c829,5,17:00,22:00,66,2026-05-13T10:16:53Z,2026-04-28T00:16:53Z
de20a3f2-4337-40cd-9349-a4e2f3ddfc4d,248bdbdf-9236-4240-a4e2-af009a22c829,6,11:00,14:00,33,2026-05-13T10:16:53Z,2026-04-28T00:16:53Z
b534b47d-0c89-4794-afef-2993f636d6ed,248bdbdf-9236-4240-a4e2-af009a22c829,6,17:00,22:00,60,2026-05-13T10:16:53Z,2026-04-28T00:16:53Z
35575ab8-a879-4cf4-9074-7d54e031a7fb,e7b478fc-9c55-47e8-a36a-ac56b7833f54,0,11:00,14:00,54,2026-05-13T10:16:53Z,2026-04-28T00:16:53Z
f61a1c34-2a2a-4723-8da9-0f15ecaa9d13,e7b478fc-9c55-47e8-a36a-ac56b7833f54,0,17:00,22:00,61,2026-05-13T10:16:53Z,2026-04-28T00:16:53Z
88c37723-fdfd-4f35-96a1-31b48d948c38,e7b478fc-9c55-47e8-a36a-ac56b7833f54,1,11:00,14:00,34,2026-05-13T10:16:53Z,2026-04-28T00:16:53Z
6ceeb83e-199d-4aa0-a3a4-5a052390fae3,e7b478fc-9c55-47e8-a36a-ac56b7833f54,1,17:00,22:00,56,2026-05-13T10:16:53Z,2026-04-28T00:16:53Z
1e4a9007-19a4-4ef6-92ce-f45a129b06c3,e7b478fc-9c55-47e8-a36a-ac56b7833f54,2,11:00,14:00,57,2026-05-13T10:16:53Z,2026-04-28T00:16:53Z
0af02a5b-a8dd-4b90-8faf-ae7e56351029,e7b478fc-9c55-47e8-a36a-ac56b7833f54,2,17:00,22:00,61,2026-05-13T10:16:53Z,2026-04-28T00:16:53Z
701a5cd8-6504-47f3-a575-075e47ccf0e2,e7b478fc-9c55-47e8-a36a-ac56b7833f54,3,11:00,14:00,51,2026-05-13T10:16:53Z,2026-04-28T00:16:53Z
2126f89c-0620-4a0f-a3c0-ded37688468a,e7b478fc-9c55-47e8-a36a-ac56b7833f54,3,17:00,22:00,71,2026-05-13T10:16:53Z,2026-04-28T00:16:53Z
3a043fdc-db2c-4332-9a91-43290d9fab75,e7b478fc-9c55-47e8-a36a-ac56b7833f54,4,11:00,14:00,45,2026-05-13T10:16:53Z,2026-04-28T00:16:53Z
17ae63a3-049f-47d7-8a1b-3c6558965dc1,e7b478fc-9c55-47e8-a36a-ac56b7833f54,4,17:00,22:00,74,2026-05-13T10:16:53Z,2026-04-28T00:16:53Z
02e7964a-7ad2-4169-aafe-d1778716e5ce,e7b478fc-9c55-47e8-a36a-ac56b7833f54,5,11:00,14:00,48,2026-05-13T10:16:53Z,2026-04-28T00:16:53Z
21ddc9a6-028d-4496-921c-46ce64ec5a46,e7b478fc-9c55-47e8-a36a-ac56b7833f54,5,17:00,22:00,55,2026-05-13T10:16:53Z,2026-04-28T00:16:53Z
259e2abb-cf83-4a8d-93e3-1f90473001a3,e7b478fc-9c55-47e8-a36a-ac56b7833f54,6,11:00,14:00,41,2026-05-13T10:16:53Z,2026-04-28T00:16:53Z
41a6bd6c-d459-4a36-a82a-b62f04352e22,e7b478fc-9c55-47e8-a36a-ac56b7833f54,6,17:00,22:00,80,2026-05-13T10:16:53Z,2026-04-28T00:16:53Z
4c7b0a9d-0ff5-4c12-967c-977568b79cd5,85b50845-5211-48bb-b520-1b5b3eb7653a,0,11:00,14:00,46,2026-05-13T10:16:53Z,2026-04-28T00:16:53Z
14f23e15-ad79-42f4-9235-3f075da43866,85b50845-5211-48bb-b520-1b5b3eb7653a,0,17:00,22:00,61,2026-05-13T10:16:53Z,2026-04-28T00:16:53Z
6b883581-6712-4acc-9f48-91fe1e967b54,85b50845-5211-48bb-b520-1b5b3eb7653a,1,11:00,14:00,50,2026-05-13T10:16:53Z,2026-04-28T00:16:53Z
216e6d37-a639-48d6-891f-bb8d11d44ed5,85b50845-5211-48bb-b520-1b5b3eb7653a,1,17:00,22:00,50,2026-05-13T10:16:53Z,2026-04-28T00:16:53Z
c1cbfabf-f163-4e45-b1b6-2aca98069d32,85b50845-5211-48bb-b520-1b5b3eb7653a,2,11:00,14:00,57,2026-05-13T10:16:53Z,2026-04-28T00:16:53Z
f257fcda-68da-4c79-a90e-44c68989fc0d,85b50845-5211-48bb-b520-1b5b3eb7653a,2,17:00,22:00,56,2026-05-13T10:16:53Z,2026-04-28T00:16:53Z
257c1740-046a-4867-b7f3-8e03a159898c,85b50845-5211-48bb-b520-1b5b3eb7653a,3,11:00,14:00,32,2026-05-13T10:16:53Z,2026-04-28T00:16:53Z
8852963e-6322-4fb8-9a0f-d84c14cd4e21,85b50845-5211-48bb-b520-1b5b3eb7653a,3,17:00,22:00,79,2026-05-13T10:16:53Z,2026-04-28T00:16:53Z
2723485c-831c-4840-b2c2-e8ff13d209bb,85b50845-5211-48bb-b520-1b5b3eb7653a,4,11:00,14:00,45,2026-05-13T10:16:53Z,2026-04-28T00:16:53Z
5b555d82-3b8b-4819-8421-59ced82a5add,85b50845-5211-48bb-b520-1b5b3eb7653a,4,17:00,22:00,51,2026-05-13T10:16:53Z,2026-04-28T00:16:53Z
6c99725e-bcff-45d1-9f3d-3108e04acfce,85b50845-5211-48bb-b520-1b5b3eb7653a,5,11:00,14:00,59,2026-05-13T10:16:53Z,2026-04-28T00:16:53Z
899c2f5d-9abc-45bc-a87c-268272b12cb9,85b50845-5211-48bb-b520-1b5b3eb7653a,5,17:00,22:00,62,2026-05-13T10:16:53Z,2026-04-28T00:16:53Z
789ff1bc-432e-4a63-8a91-5605f0603b23,85b50845-5211-48bb-b520-1b5b3eb7653a,6,11:00,14:00,52,2026-05-13T10:16:53Z,2026-04-28T00:16:53Z
f1d380aa-38d4-4641-96fe-3d179b796d7a,85b50845-5211-48bb-b520-1b5b3eb7653a,6,17:00,22:00,72,2026-05-13T10:16:53Z,2026-04-28T00:16:53Z
6052b757-309f-418a-9af4-b71f5caf5c98,e4f6ff36-34f5-4ec5-a08a-69c56e9ac9b0,0,11:00,14:00,58,2026-05-13T10:16:53Z,2026-04-28T00:16:53Z
9852a34b-066e-4d3c-83f1-d27634c0bcea,e4f6ff36-34f5-4ec5-a08a-69c56e9ac9b0,0,17:00,22:00,56,2026-05-13T10:16:53Z,2026-04-28T00:16:53Z
d966614a-d010-4a62-b66a-f487098e1fba,e4f6ff36-34f5-4ec5-a08a-69c56e9ac9b0,1,11:00,14:00,38,2026-05-13T10:16:53Z,2026-04-28T00:16:53Z
1ddf8807-ebd5-4f3f-a628-6d8c33fbd173,e4f6ff36-34f5-4ec5-a08a-69c56e9ac9b0,1,17:00,22:00,59,2026-05-13T10:16:53Z,2026-04-28T00:16:53Z
8031baf6-79e7-4ff1-a8af-3f0f78b62bb5,e4f6ff36-34f5-4ec5-a08a-69c56e9ac9b0,2,11:00,14:00,44,2026-05-13T10:16:53Z,2026-04-28T00:16:53Z
a4cae9ec-e8e1-486a-8513-c4725c6c205c,e4f6ff36-34f5-4ec5-a08a-69c56e9ac9b0,2,17:00,22:00,75,2026-05-13T10:16:53Z,2026-04-28T00:16:53Z
24f89335-b981-4841-bf2e-ee3ed75c1572,e4f6ff36-34f5-4ec5-a08a-69c56e9ac9b0,3,11:00,14:00,50,2026-05-13T10:16:53Z,2026-04-28T00:16:53Z
a23e9f26-8c59-4aed-a164-239d907d3550,e4f6ff36-34f5-4ec5-a08a-69c56e9ac9b0,3,17:00,22:00,75,2026-05-13T10:16:53Z,2026-04-28T00:16:53Z
0bde7f99-fd51-4381-b96b-77649d2dce2c,e4f6ff36-34f5-4ec5-a08a-69c56e9ac9b0,4,11:00,14:00,43,2026-05-13T10:16:53Z,2026-04-28T00:16:53Z
cfddc529-2b97-4a39-8bfa-d96c88f1e211,e4f6ff36-34f5-4ec5-a08a-69c56e9ac9b0,4,17:00,22:00,70,2026-05-13T10:16:53Z,2026-04-28T00:16:53Z
d99ac639-3688-4ff0-a33f-9ce85ee369f7,e4f6ff36-34f5-4ec5-a08a-69c56e9ac9b0,5,11:00,14:00,56,2026-05-13T10:16:53Z,2026-04-28T00:16:53Z
2d9dc949-36e9-43d8-8b78-17b5e80f2fc4,e4f6ff36-34f5-4ec5-a08a-69c56e9ac9b0,5,17:00,22:00,55,2026-05-13T10:16:53Z,2026-04-28T00:16:53Z
78ef85a5-e407-40df-af9d-fd8b49a93ec1,e4f6ff36-34f5-4ec5-a08a-69c56e9ac9b0,6,11:00,14:00,55,2026-05-13T10:16:53Z,2026-04-28T00:16:53Z
ca74e7c0-c6ad-4121-bac9-f85527b0d027,e4f6ff36-34f5-4ec5-a08a-69c56e9ac9b0,6,17:00,22:00,63,2026-05-13T10:16:53Z,2026-04-28T00:16:53Z
f1e09bb0-4c5f-48f0-ab4d-8ffab522a26f,04fdbdc0-e134-4e9a-8c8f-011dea3649e9,0,11:00,14:00,49,2026-05-13T10:16:53Z,2026-04-28T00:16:53Z
c4dc29e8-31f1-4432-9729-eac4caa3b239,04fdbdc0-e134-4e9a-8c8f-011dea3649e9,0,17:00,22:00,68,2026-05-13T10:16:53Z,2026-04-28T00:16:53Z
7ff0e39a-e1a2-4d8d-9f1a-f129d2040e4f,04fdbdc0-e134-4e9a-8c8f-011dea3649e9,1,11:00,14:00,46,2026-05-13T10:16:53Z,2026-04-28T00:16:53Z
1108f245-2c9d-49e7-8529-0d11dca5e77b,04fdbdc0-e134-4e9a-8c8f-011dea3649e9,1,17:00,22:00,60,2026-05-13T10:16:53Z,2026-04-28T00:16:53Z
7edf6fa3-adc0-4e50-a9a6-d87943ba38f0,04fdbdc0-e134-4e9a-8c8f-011dea3649e9,2,11:00,14:00,59,2026-05-13T10:16:53Z,2026-04-28T00:16:53Z
b9bbdb39-449c-4afe-9c1c-992ec08259f5,04fdbdc0-e134-4e9a-8c8f-011dea3649e9,2,17:00,22:00,51,2026-05-13T10:16:53Z,2026-04-28T00:16:53Z
9d863b0c-981c-4412-b84e-c9b46b669a2b,04fdbdc0-e134-4e9a-8c8f-011dea3649e9,3,11:00,14:00,37,2026-05-13T10:16:53Z,2026-04-28T00:16:53Z
47062a51-5bda-4f00-bca8-ff32b6c83a5f,04fdbdc0-e134-4e9a-8c8f-011dea3649e9,3,17:00,22:00,80,2026-05-13T10:16:53Z,2026-04-28T00:16:53Z
d9f9339c-0fd4-4a1a-a42f-9365c5024087,04fdbdc0-e134-4e9a-8c8f-011dea3649e9,4,11:00,14:00,43,2026-05-13T10:16:53Z,2026-04-28T00:16:53Z
1003242e-0eef-4c51-b6a6-ea7ebaf2da0e,04fdbdc0-e134-4e9a-8c8f-011dea3649e9,4,17:00,22:00,74,2026-05-13T10:16:53Z,2026-04-28T00:16:53Z
937e1ab7-b790-4dcd-b023-e72a71786a6a,04fdbdc0-e134-4e9a-8c8f-011dea3649e9,5,11:00,14:00,45,2026-05-13T10:16:53Z,2026-04-28T00:16:53Z
4f60cea4-3b8d-4f47-965e-28c74d307803,04fdbdc0-e134-4e9a-8c8f-011dea3649e9,5,17:00,22:00,61,2026-05-13T10:16:53Z,2026-04-28T00:16:53Z
1b023109-ad44-46d4-87ac-685e2eae2954,04fdbdc0-e134-4e9a-8c8f-011dea3649e9,6,11:00,14:00,51,2026-05-13T10:16:53Z,2026-04-28T00:16:53Z
aa7655ac-9d90-402e-90e7-236e2ceba8f7,04fdbdc0-e134-4e9a-8c8f-011dea3649e9,6,17:00,22:00,77,2026-05-13T10:16:53Z,2026-04-28T00:16:53Z
30fddf76-d848-4a5b-bba4-4097b5f9b6ca,56b7794d-5450-4e9e-81f3-58b71ff367ef,0,11:00,14:00,50,2026-05-13T10:16:53Z,2026-04-28T00:16:53Z
7d85174c-3a59-460b-a02b-ca321ed63321,56b7794d-5450-4e9e-81f3-58b71ff367ef,0,17:00,22:00,50,2026-05-13T10:16:53Z,2026-04-28T00:16:53Z
a8c7aba2-abd1-4554-ab58-6d92fb7539f6,56b7794d-5450-4e9e-81f3-58b71ff367ef,1,11:00,14:00,31,2026-05-13T10:16:53Z,2026-04-28T00:16:53Z
a1e1ea9d-5f27-49ef-b433-f7eaf4070854,56b7794d-5450-4e9e-81f3-58b71ff367ef,1,17:00,22:00,57,2026-05-13T10:16:53Z,2026-04-28T00:16:53Z
975b9239-6f22-4b8d-8ae8-c5e083a9b23b,56b7794d-5450-4e9e-81f3-58b71ff367ef,2,11:00,14:00,31,2026-05-13T10:16:53Z,2026-04-28T00:16:53Z
5b836728-1836-4479-995f-5cb41a060761,56b7794d-5450-4e9e-81f3-58b71ff367ef,2,17:00,22:00,69,2026-05-13T10:16:53Z,2026-04-28T00:16:53Z
e64536d0-0ae4-4d1c-bdf0-c8b9f75448bc,56b7794d-5450-4e9e-81f3-58b71ff367ef,3,11:00,14:00,35,2026-05-13T10:16:53Z,2026-04-28T00:16:53Z
3c49536e-14d9-4544-8ab4-bf4a40f80f39,56b7794d-5450-4e9e-81f3-58b71ff367ef,3,17:00,22:00,76,2026-05-13T10:16:53Z,2026-04-28T00:16:53Z
3575d76a-66f8-4486-8589-03d261a9ac66,56b7794d-5450-4e9e-81f3-58b71ff367ef,4,11:00,14:00,43,2026-05-13T10:16:53Z,2026-04-28T00:16:53Z
4bb2117f-ad80-4bd5-a0ca-2d2353921d29,56b7794d-5450-4e9e-81f3-58b71ff367ef,4,17:00,22:00,53,2026-05-13T10:16:53Z,2026-04-28T00:16:53Z
b5ee5b11-415d-4021-b94d-d2fd6e8c13be,56b7794d-5450-4e9e-81f3-58b71ff367ef,5,11:00,14:00,31,2026-05-13T10:16:53Z,2026-04-28T00:16:53Z
77c50bf2-cb47-47be-9793-ca66b482f88e,56b7794d-5450-4e9e-81f3-58b71ff367ef,5,17:00,22:00,65,2026-05-13T10:16:53Z,2026-04-28T00:16:53Z
b933b134-eaa5-4930-87ab-00d8ecf9df54,56b7794d-5450-4e9e-81f3-58b71ff367ef,6,11:00,14:00,55,2026-05-13T10:16:53Z,2026-04-28T00:16:53Z
583db77e-42ba-49fd-88d9-e47093d08874,56b7794d-5450-4e9e-81f3-58b71ff367ef,6,17:00,22:00,60,2026-05-13T10:16:53Z,2026-04-28T00:16:53Z
805f7587-5ea9-4adb-843f-64cac42472f0,0d4286ac-25f3-44f3-b627-6c27c02a9e16,0,11:00,14:00,58,2026-05-13T10:16:53Z,2026-04-28T00:16:53Z
dd7034f4-4db2-4f63-abb8-aae5a15d73fb,0d4286ac-25f3-44f3-b627-6c27c02a9e16,0,17:00,22:00,75,2026-05-13T10:16:53Z,2026-04-28T00:16:53Z
219caa74-8f02-4f14-bb04-a1fe135fe7ed,0d4286ac-25f3-44f3-b627-6c27c02a9e16,1,11:00,14:00,54,2026-05-13T10:16:53Z,2026-04-28T00:16:53Z
f0b551be-b508-46a0-8d6d-f2ee1b72111c,0d4286ac-25f3-44f3-b627-6c27c02a9e16,1,17:00,22:00,73,2026-05-13T10:16:53Z,2026-04-28T00:16:53Z
3d82755e-1ecc-48a4-9ad8-4fe89787d315,0d4286ac-25f3-44f3-b627-6c27c02a9e16,2,11:00,14:00,35,2026-05-13T10:16:53Z,2026-04-28T00:16:53Z
69f8fd6b-3a2b-4679-950f-571af7b6145a,0d4286ac-25f3-44f3-b627-6c27c02a9e16,2,17:00,22:00,63,2026-05-13T10:16:53Z,2026-04-28T00:16:53Z
5830f4be-fa2c-4c68-9c06-5c634ca42bc9,0d4286ac-25f3-44f3-b627-6c27c02a9e16,3,11:00,14:00,44,2026-05-13T10:16:53Z,2026-04-28T00:16:53Z
06ffc81c-eb98-4f18-8322-6c0a326bc4ed,0d4286ac-25f3-44f3-b627-6c27c02a9e16,3,17:00,22:00,56,2026-05-13T10:16:53Z,2026-04-28T00:16:53Z
a8860bd6-8401-47cd-bb0a-98d5235b27ae,0d4286ac-25f3-44f3-b627-6c27c02a9e16,4,11:00,14:00,49,2026-05-13T10:16:53Z,2026-04-28T00:16:53Z
ac92a64d-bac6-4e75-8b0a-0a7ef791c5fe,0d4286ac-25f3-44f3-b627-6c27c02a9e16,4,17:00,22:00,66,2026-05-13T10:16:53Z,2026-04-28T00:16:53Z
afdd22a0-cb66-4f5b-a2bf-5eb5c8ca14f4,0d4286ac-25f3-44f3-b627-6c27c02a9e16,5,11:00,14:00,59,2026-05-13T10:16:53Z,2026-04-28T00:16:53Z
91773871-81e0-40c7-bf12-ac6d901564bb,0d4286ac-25f3-44f3-b627-6c27c02a9e16,5,17:00,22:00,60,2026-05-13T10:16:53Z,2026-04-28T00:16:53Z
57966075-b9c3-4f52-9593-ed49f12ce314,0d4286ac-25f3-44f3-b627-6c27c02a9e16,6,11:00,14:00,42,2026-05-13T10:16:53Z,2026-04-28T00:16:53Z
8032099c-d70c-4d1f-99a4-59333fe18686,0d4286ac-25f3-44f3-b627-6c27c02a9e16,6,17:00,22:00,78,2026-05-13T10:16:53Z,2026-04-28T00:16:53Z
e4f28e2b-a8b7-41a4-89a8-216621169661,df607804-275a-4168-839a-fe6455868469,0,11:00,14:00,32,2026-05-13T10:16:53Z,2026-04-28T00:16:53Z
3b3c0de0-3145-439a-b646-0685b5a002c0,df607804-275a-4168-839a-fe6455868469,0,17:00,22:00,64,2026-05-13T10:16:53Z,2026-04-28T00:16:53Z
fcc5aae9-e2be-4687-b92c-ccd2ddf39170,df607804-275a-4168-839a-fe6455868469,1,11:00,14:00,47,2026-05-13T10:16:53Z,2026-04-28T00:16:53Z
7da0df99-a861-4b11-98cb-472ec2461f4f,df607804-275a-4168-839a-fe6455868469,1,17:00,22:00,69,2026-05-13T10:16:53Z,2026-04-28T00:16:53Z
85a7aa8c-0a03-441f-a792-0bb2f2785056,df607804-275a-4168-839a-fe6455868469,2,11:00,14:00,56,2026-05-13T10:16:53Z,2026-04-28T00:16:53Z
cf63404f-113f-4de9-8559-b86da3ad3141,df607804-275a-4168-839a-fe6455868469,2,17:00,22:00,59,2026-05-13T10:16:53Z,2026-04-28T00:16:53Z
69accd96-6018-43c8-bcca-5df7c0426f19,df607804-275a-4168-839a-fe6455868469,3,11:00,14:00,52,2026-05-13T10:16:53Z,2026-04-28T00:16:53Z
56db56f2-e420-4a7b-8d9a-cdea7a171312,df607804-275a-4168-839a-fe6455868469,3,17:00,22:00,59,2026-05-13T10:16:53Z,2026-04-28T00:16:53Z
216021b6-968c-4b29-a419-56e3ea4eead6,df607804-275a-4168-839a-fe6455868469,4,11:00,14:00,37,2026-05-13T10:16:53Z,2026-04-28T00:16:53Z
de3cbfa3-e42d-4089-a97b-39d9129ee94a,df607804-275a-4168-839a-fe6455868469,4,17:00,22:00,77,2026-05-13T10:16:53Z,2026-04-28T00:16:53Z
122fe67d-ce19-489c-9284-ab7091d96f40,df607804-275a-4168-839a-fe6455868469,5,11:00,14:00,48,2026-05-13T10:16:53Z,2026-04-28T00:16:53Z
2529313a-cfb8-49c9-b470-708745175f15,df607804-275a-4168-839a-fe6455868469,5,17:00,22:00,71,2026-05-13T10:16:53Z,2026-04-28T00:16:53Z
4d4313a5-3a44-441e-98e4-fa09462deb36,df607804-275a-4168-839a-fe6455868469,6,11:00,14:00,38,2026-05-13T10:16:53Z,2026-04-28T00:16:53Z
d4d6eb69-3fb0-4cd2-ad75-012de9678970,df607804-275a-4168-839a-fe6455868469,6,17:00,22:00,80,2026-05-13T10:16:53Z,2026-04-28T00:16:53Z
4f204395-2dc5-495b-9700-0505f0a7bbb3,d5c3c6fc-29bb-4560-8073-93a28098387c,0,11:00,14:00,50,2026-05-13T10:16:53Z,2026-04-28T00:16:53Z
30a002e3-2c96-4f50-997e-0dee446aac8c,d5c3c6fc-29bb-4560-8073-93a28098387c,0,17:00,22:00,53,2026-05-13T10:16:53Z,2026-04-28T00:16:53Z
6ca9181b-2ea8-4c10-9206-7435e4f53f97,d5c3c6fc-29bb-4560-8073-93a28098387c,1,11:00,14:00,42,2026-05-13T10:16:53Z,2026-04-28T00:16:53Z
fca7fe57-b057-41dc-9b07-93e3670c4b8f,d5c3c6fc-29bb-4560-8073-93a28098387c,1,17:00,22:00,61,2026-05-13T10:16:53Z,2026-04-28T00:16:53Z
ad66ff26-8bb5-420d-bace-366ef359fd02,d5c3c6fc-29bb-4560-8073-93a28098387c,2,11:00,14:00,59,2026-05-13T10:16:53Z,2026-04-28T00:16:53Z
680d0dfe-9253-43d3-b3bb-7bac292168d9,d5c3c6fc-29bb-4560-8073-93a28098387c,2,17:00,22:00,58,2026-05-13T10:16:53Z,2026-04-28T00:16:53Z
3ff88d77-9fdb-4df9-97a0-6db1382ce3cf,d5c3c6fc-29bb-4560-8073-93a28098387c,3,11:00,14:00,50,2026-05-13T10:16:53Z,2026-04-28T00:16:53Z
8662bfb8-73d5-4478-a269-a7b519880402,d5c3c6fc-29bb-4560-8073-93a28098387c,3,17:00,22:00,71,2026-05-13T10:16:53Z,2026-04-28T00:16:53Z
fbb1c08c-fe63-4fca-9c65-b07d65390cc9,d5c3c6fc-29bb-4560-8073-93a28098387c,4,11:00,14:00,54,2026-05-13T10:16:53Z,2026-04-28T00:16:53Z
a43c92b9-6327-4223-b9cd-6573deeb9203,d5c3c6fc-29bb-4560-8073-93a28098387c,4,17:00,22:00,71,2026-05-13T10:16:53Z,2026-04-28T00:16:53Z
ac1a11df-0e97-4628-aafb-520df8ced28f,d5c3c6fc-29bb-4560-8073-93a28098387c,5,11:00,14:00,30,2026-05-13T10:16:53Z,2026-04-28T00:16:53Z
e9bdfa15-e5b8-4ac6-a05e-1be21b23ef79,d5c3c6fc-29bb-4560-8073-93a28098387c,5,17:00,22:00,59,2026-05-13T10:16:53Z,2026-04-28T00:16:53Z
c03b833b-8576-475e-a30d-b97c03231510,d5c3c6fc-29bb-4560-8073-93a28098387c,6,11:00,14:00,51,2026-05-13T10:16:53Z,2026-04-28T00:16:53Z
2709e160-183d-4c1c-a0f2-78e8492ec386,d5c3c6fc-29bb-4560-8073-93a28098387c,6,17:00,22:00,62,2026-05-13T10:16:53Z,2026-04-28T00:16:53Z
0c3efd9e-55cc-47b0-923f-c86152ecbfcc,1ba7bf82-6779-4950-847e-353aa519843a,0,11:00,14:00,45,2026-05-13T10:16:53Z,2026-04-28T00:16:53Z
3b16575a-44f9-4892-9ab0-31f41f2f0bca,1ba7bf82-6779-4950-847e-353aa519843a,0,17:00,22:00,69,2026-05-13T10:16:53Z,2026-04-28T00:16:53Z
e5f6a866-cddd-4ce1-aba0-c0923aca149d,1ba7bf82-6779-4950-847e-353aa519843a,1,11:00,14:00,34,2026-05-13T10:16:53Z,2026-04-28T00:16:53Z
ddde379f-aa68-4fdb-bf7b-e58e060f374e,1ba7bf82-6779-4950-847e-353aa519843a,1,17:00,22:00,60,2026-05-13T10:16:53Z,2026-04-28T00:16:53Z
b748c8bf-ac36-486c-82d1-736a33645291,1ba7bf82-6779-4950-847e-353aa519843a,2,11:00,14:00,51,2026-05-13T10:16:53Z,2026-04-28T00:16:53Z
73d38ec1-283d-4a4f-984c-7d6efa553f1e,1ba7bf82-6779-4950-847e-353aa519843a,2,17:00,22:00,78,2026-05-13T10:16:53Z,2026-04-28T00:16:53Z
b9cac422-4edf-493f-8c13-e023bd9da37f,1ba7bf82-6779-4950-847e-353aa519843a,3,11:00,14:00,56,2026-05-13T10:16:53Z,2026-04-28T00:16:53Z
3aa3509a-dfd6-4a5f-a574-11e2e17efb4f,1ba7bf82-6779-4950-847e-353aa519843a,3,17:00,22:00,61,2026-05-13T10:16:53Z,2026-04-28T00:16:53Z
fb90522c-d495-40ae-ad0b-dfc4e5488d8c,1ba7bf82-6779-4950-847e-353aa519843a,4,11:00,14:00,41,2026-05-13T10:16:53Z,2026-04-28T00:16:53Z
027bc770-bce3-4827-a673-9b1c62583054,1ba7bf82-6779-4950-847e-353aa519843a,4,17:00,22:00,72,2026-05-13T10:16:53Z,2026-04-28T00:16:53Z
e1ff8685-4e93-4eff-abdb-39529834739b,1ba7bf82-6779-4950-847e-353aa519843a,5,11:00,14:00,52,2026-05-13T10:16:53Z,2026-04-28T00:16:53Z
dc6d0699-2ca7-47ab-b872-f4ef1f89fc84,1ba7bf82-6779-4950-847e-353aa519843a,5,17:00,22:00,75,2026-05-13T10:16:53Z,2026-04-28T00:16:53Z
cc29f395-284d-4ef5-901e-b5706fb82e61,1ba7bf82-6779-4950-847e-353aa519843a,6,11:00,14:00,48,2026-05-13T10:16:53Z,2026-04-28T00:16:53Z
ff1c865f-3d4b-488c-8531-6451542d8ff4,1ba7bf82-6779-4950-847e-353aa519843a,6,17:00,22:00,55,2026-05-13T10:16:53Z,2026-04-28T00:16:53Z
0a3a9dd0-4708-47b4-8888-f70834dd3b00,782d34b8-a6de-4def-baa1-1178a252ede8,0,11:00,14:00,32,2026-05-13T10:16:53Z,2026-04-28T00:16:53Z
5895528b-0d8f-4592-8533-e1c917a60e08,782d34b8-a6de-4def-baa1-1178a252ede8,0,17:00,22:00,69,2026-05-13T10:16:53Z,2026-04-28T00:16:53Z
2acdb9ed-271a-44a1-86fb-42584ba80da1,782d34b8-a6de-4def-baa1-1178a252ede8,1,11:00,14:00,32,2026-05-13T10:16:53Z,2026-04-28T00:16:53Z
6527e636-875d-4b53-a04f-ebd9e9acd9d3,782d34b8-a6de-4def-baa1-1178a252ede8,1,17:00,22:00,58,2026-05-13T10:16:53Z,2026-04-28T00:16:53Z
9724ec1e-4c62-400b-aea7-a0350480fcc8,782d34b8-a6de-4def-baa1-1178a252ede8,2,11:00,14:00,34,2026-05-13T10:16:53Z,2026-04-28T00:16:53Z
5f699d90-ba5e-467d-b92b-164b00f9ac3c,782d34b8-a6de-4def-baa1-1178a252ede8,2,17:00,22:00,52,2026-05-13T10:16:53Z,2026-04-28T00:16:53Z
fd4e5cb7-2e6a-48e7-94eb-3e46ee23328e,782d34b8-a6de-4def-baa1-1178a252ede8,3,11:00,14:00,45,2026-05-13T10:16:53Z,2026-04-28T00:16:53Z
f4ad1f81-2046-4660-8e00-63bb41e977f3,782d34b8-a6de-4def-baa1-1178a252ede8,3,17:00,22:00,64,2026-05-13T10:16:53Z,2026-04-28T00:16:53Z
e6d2561a-419c-426d-9f9c-7493b52ef2d0,782d34b8-a6de-4def-baa1-1178a252ede8,4,11:00,14:00,47,2026-05-13T10:16:53Z,2026-04-28T00:16:53Z
e2a90c17-435a-4e3c-ac53-05e2f510121b,782d34b8-a6de-4def-baa1-1178a252ede8,4,17:00,22:00,58,2026-05-13T10:16:53Z,2026-04-28T00:16:53Z
8ccf4b76-9af6-45bf-8026-6b2fd0f5dd93,782d34b8-a6de-4def-baa1-1178a252ede8,5,11:00,14:00,40,2026-05-13T10:16:53Z,2026-04-28T00:16:53Z
c2713c84-a98d-488d-9b0a-7c3a8544b3f9,782d34b8-a6de-4def-baa1-1178a252ede8,5,17:00,22:00,78,2026-05-13T10:16:53Z,2026-04-28T00:16:53Z
85ee4ecb-a831-425b-9120-3f3a9cbd66e2,782d34b8-a6de-4def-baa1-1178a252ede8,6,11:00,14:00,32,2026-05-13T10:16:53Z,2026-04-28T00:16:53Z
a96c4812-4371-4de5-8295-7412ede18492,782d34b8-a6de-4def-baa1-1178a252ede8,6,17:00,22:00,64,2026-05-13T10:16:53Z,2026-04-28T00:16:53Z
4f42c04d-4947-4942-bb01-3cbeeaec8714,845968f0-a7b5-4216-b018-6de1569f620e,0,11:00,14:00,58,2026-05-13T10:16:53Z,2026-04-28T00:16:53Z
0e5373a0-ebe7-4412-bbf3-457ab2f97845,845968f0-a7b5-4216-b018-6de1569f620e,0,17:00,22:00,64,2026-05-13T10:16:53Z,2026-04-28T00:16:53Z
f0ccb36f-f7f7-4279-9b20-cbfa292f61d0,845968f0-a7b5-4216-b018-6de1569f620e,1,11:00,14:00,32,2026-05-13T10:16:53Z,2026-04-28T00:16:53Z
8210c477-f393-44ea-a5ef-e5b6658f56b9,845968f0-a7b5-4216-b018-6de1569f620e,1,17:00,22:00,65,2026-05-13T10:16:53Z,2026-04-28T00:16:53Z
dee9bbaf-9cf8-45f2-9243-fae28c04e7f3,845968f0-a7b5-4216-b018-6de1569f620e,2,11:00,14:00,35,2026-05-13T10:16:53Z,2026-04-28T00:16:53Z
85686da7-475b-49f5-876e-ea61890639c5,845968f0-a7b5-4216-b018-6de1569f620e,2,17:00,22:00,69,2026-05-13T10:16:53Z,2026-04-28T00:16:53Z
a12118f5-6bb8-40ab-830e-5975e9217b30,845968f0-a7b5-4216-b018-6de1569f620e,3,11:00,14:00,46,2026-05-13T10:16:53Z,2026-04-28T00:16:53Z
ad453216-78d3-4d40-9c42-86ee317e3775,845968f0-a7b5-4216-b018-6de1569f620e,3,17:00,22:00,74,2026-05-13T10:16:53Z,2026-04-28T00:16:53Z
dd65d7c7-57bc-4e3a-a8c1-c235cbf46acc,845968f0-a7b5-4216-b018-6de1569f620e,4,11:00,14:00,58,2026-05-13T10:16:53Z,2026-04-28T00:16:53Z
a3acf425-c2a4-4fba-afe5-73bb42c55f20,845968f0-a7b5-4216-b018-6de1569f620e,4,17:00,22:00,65,2026-05-13T10:16:53Z,2026-04-28T00:16:53Z
a646d990-d7ee-4588-bade-2c1f66124f8b,845968f0-a7b5-4216-b018-6de1569f620e,5,11:00,14:00,42,2026-05-13T10:16:53Z,2026-04-28T00:16:53Z
f94c3b22-1dac-4a0f-a6e8-3044e7f0a6d6,845968f0-a7b5-4216-b018-6de1569f620e,5,17:00,22:00,78,2026-05-13T10:16:53Z,2026-04-28T00:16:53Z
eef0d105-43da-4cf6-aedd-c85d1dba2bb9,845968f0-a7b5-4216-b018-6de1569f620e,6,11:00,14:00,42,2026-05-13T10:16:53Z,2026-04-28T00:16:53Z
426bb26f-e1e3-413c-bf22-57137c254d19,845968f0-a7b5-4216-b018-6de1569f620e,6,17:00,22:00,51,2026-05-13T10:16:53Z,2026-04-28T00:16:53Z
3c778be0-e441-454e-a2eb-b93843e1eb84,1b06312a-1520-48c7-b968-a0b82d2dc847,0,11:00,14:00,54,2026-05-13T10:16:53Z,2026-04-28T00:16:53Z
510dfea9-9592-4f02-ba30-721e592b42e4,1b06312a-1520-48c7-b968-a0b82d2dc847,0,17:00,22:00,68,2026-05-13T10:16:53Z,2026-04-28T00:16:53Z
d18de7cc-df37-434e-9e8b-3f6c77cfe771,1b06312a-1520-48c7-b968-a0b82d2dc847,1,11:00,14:00,34,2026-05-13T10:16:53Z,2026-04-28T00:16:53Z
300d363d-361c-4737-a8e2-0378a7e8f472,1b06312a-1520-48c7-b968-a0b82d2dc847,1,17:00,22:00,51,2026-05-13T10:16:53Z,2026-04-28T00:16:53Z
4a07f50f-b103-4a03-a328-17b11ac94db1,1b06312a-1520-48c7-b968-a0b82d2dc847,2,11:00,14:00,57,2026-05-13T10:16:53Z,2026-04-28T00:16:53Z
89117f9d-603b-4ec1-90de-b5e14b86d64f,1b06312a-1520-48c7-b968-a0b82d2dc847,2,17:00,22:00,75,2026-05-13T10:16:53Z,2026-04-28T00:16:53Z
5eb546f0-e2a6-4c06-8d85-ba7b54e07803,1b06312a-1520-48c7-b968-a0b82d2dc847,3,11:00,14:00,46,2026-05-13T10:16:53Z,2026-04-28T00:16:53Z
a29479dc-29d6-444f-b992-82230b0e5682,1b06312a-1520-48c7-b968-a0b82d2dc847,3,17:00,22:00,69,2026-05-13T10:16:53Z,2026-04-28T00:16:53Z
b88b9239-c3d5-4788-a542-4d5521fe88f9,1b06312a-1520-48c7-b968-a0b82d2dc847,4,11:00,14:00,47,2026-05-13T10:16:53Z,2026-04-28T00:16:53Z
3cede4f4-4131-44db-bf5c-615efd2faa89,1b06312a-1520-48c7-b968-a0b82d2dc847,4,17:00,22:00,57,2026-05-13T10:16:53Z,2026-04-28T00:16:53Z
a7b50e1c-4e0b-4098-9910-c8b990c400de,1b06312a-1520-48c7-b968-a0b82d2dc847,5,11:00,14:00,42,2026-05-13T10:16:53Z,2026-04-28T00:16:53Z
52f91ef2-c3d1-44d6-9036-95ed34ebb857,1b06312a-1520-48c7-b968-a0b82d2dc847,5,17:00,22:00,61,2026-05-13T10:16:53Z,2026-04-28T00:16:53Z
eee9aab9-b446-4862-9140-2d8dd7861a01,1b06312a-1520-48c7-b968-a0b82d2dc847,6,11:00,14:00,50,2026-05-13T10:16:53Z,2026-04-28T00:16:53Z
3556732e-57f0-4bd9-aa33-26109eca8a26,1b06312a-1520-48c7-b968-a0b82d2dc847,6,17:00,22:00,75,2026-05-13T10:16:53Z,2026-04-28T00:16:53Z
