reservation_id,customer_id,restaurant_id,reservation_time,guest_count,notes,status,rejection_reason,created_at,updated_at
40b643aa-24b7-4890-ade8-d28b500428e7,ad093831-7a88-4752-94c4-ecf9e428cd7d,11dd8d6c-4a3f-42b8-83ce-05f182f5f5bf,2026-05-22T09:16:53Z,3,,PENDING,,2026-05-04T16:16:53Z,2026-04-24T06:16:53Z
f74dde3f-ba41-4978-87a5-8756b2a40791,ad32be5d-370a-42b9-8955-4872abd3dc91,b77fae37-0832-4b6c-806f-77513777669e,2026-05-29T09:16:53Z,5,,PENDING,,2026-05-04T19:16:53Z,2026-05-12T09:16:53Z
df85fdfd-526f-41e0-9e3b-e91ea7b011bb,230066f2-08c0-4049-97f0-4caa938c51f6,0d4286ac-25f3-44f3-b627-6c27c02a9e16,2026-05-27T09:16:53Z,5,,CONFIRMED,,2026-04-27T11:16:53Z,2026-04-30T22:16:53Z
dae6945d-4591-4927-894d-03ca641779a1,4f3f5855-b07e-4539-b9a7-49ce5234ed52,e909f7b6-ceaf-4ee3-b082-c4fc1714f851,2026-05-21T09:16:53Z,5,,COMPLETED,,2026-05-07T20:16:53Z,2026-05-10T06:16:53Z
6e1e047a-3cf8-4921-9356-4911d7a0ec04,1a4bd911-3dff-4273-b053-271e8dfa7bfb,d83139cd-5c61-4e28-9ef8-dda3bb3eaac5,2026-05-23T09:16:53Z,6,,CONFIRMED,,2026-05-02T06:16:53Z,2026-04-29T13:16:53Z
3a2a9431-4249-444c-ac19-7189d169d8c6,230066f2-08c0-4049-97f0-4caa938c51f6,d159f85e-202b-46e3-bb9d-3cce31f920b2,2026-05-22T09:16:53Z,6,,CANCELLED,,2026-04-19T19:16:53Z,2026-04-24T07:16:53Z
989a9fff-3d27-4450-b20d-299496773604,ad093831-7a88-4752-94c4-ecf9e428cd7d,5c297d4b-ef79-41ca-8694-3470ef745d70,2026-05-29T09:16:53Z,3,,CANCELLED,,2026-05-13T00:16:53Z,2026-05-05T09:16:53Z
bc0aba1c-5b58-4383-9830-448f71149cc4,230066f2-08c0-4049-97f0-4caa938c51f6,3e839ac1-1046-4fc7-b957-e42cdb1021ae,2026-05-28T09:16:53Z,2,,CONFIRMED,,2026-05-10T04:16:53Z,2026-05-16T18:16:53Z
65d792b2-21d8-4362-abd0-f607938cc169,ad32be5d-370a-42b9-8955-4872abd3dc91,0437c85a-ea0e-4bfb-a34a-acf718ac0025,2026-05-20T09:16:53Z,2,,CONFIRMED,,2026-05-03T20:16:53Z,2026-05-17T19:16:53Z
d2b44a00-91c5-4559-b1e6-fd66151922ba,17c08498-8e05-492e-b2e4-003ad1cbe1c2,cecb0cee-b012-4cd5-b63b-649dd5836558,2026-05-25T09:16:53Z,4,,PENDING,,2026-04-28T05:16:53Z,2026-05-04T22:16:53Z
6eab137c-d044-465e-a8c7-e25f6764437a,ad093831-7a88-4752-94c4-ecf9e428cd7d,6eff06ca-c52d-4482-bf85-d5370a998d33,2026-05-24T09:16:53Z,2,,CANCELLED,,2026-04-27T01:16:53Z,2026-04-25T18:16:53Z
6bc32878-9fb2-4d6f-9b47-9510cd8bd3d5,ad32be5d-370a-42b9-8955-4872abd3dc91,0c9ea858-f40f-4042-a6ee-cda02d9fe9ce,2026-05-28T09:16:53Z,3,,CANCELLED,,2026-04-27T12:16:53Z,2026-05-04T12:16:53Z
ad205d4d-a8f0-4e8a-85b4-4fde327ee65e,7fe35935-f20b-456c-9efa-2d43f6c2cfae,3e839ac1-1046-4fc7-b957-e42cdb1021ae,2026-05-24T09:16:53Z,5,,COMPLETED,,2026-04-28T05:16:53Z,2026-05-03T16:16:53Z
37dc27a5-72b1-4425-8d02-f260b5ef7e46,a906664d-680c-45e7-8a06-741b48fe4f16,782d34b8-a6de-4def-baa1-1178a252ede8,2026-05-29T09:16:53Z,3,,PENDING,,2026-05-08T14:16:53Z,2026-05-14T01:16:53Z
41eb7cf1-996c-4013-ba46-76bb92ef804e,bab3ed76-9710-4417-bea5-6a6d7aebd16f,c388298f-db03-4c58-9171-f765f0fc4381,2026-05-22T09:16:53Z,4,,CONFIRMED,,2026-05-10T07:16:53Z,2026-05-01T12:16:53Z
f3e2bb49-17ff-4762-972e-f49f93c745be,3d6e7710-5dc6-4ffd-b487-3462ecb614ed,8fea7445-4c7f-48be-b69e-309f1bdcc4c5,2026-05-22T09:16:53Z,2,,COMPLETED,,2026-05-03T11:16:53Z,2026-05-10T04:16:53Z
c5ea4de9-0954-470d-8ba5-1e24ea3cefde,d924362f-a1ef-42f5-96f9-a2749643b9b5,782d34b8-a6de-4def-baa1-1178a252ede8,2026-05-27T09:16:53Z,4,,PENDING,,2026-04-29T02:16:53Z,2026-04-27T04:16:53Z
7606e9d9-53ab-46cb-b776-6e421aca02dc,7fe35935-f20b-456c-9efa-2d43f6c2cfae,e4f6ff36-34f5-4ec5-a08a-69c56e9ac9b0,2026-05-25T09:16:53Z,2,,COMPLETED,,2026-05-09T05:16:53Z,2026-04-21T12:16:53Z
e6c2c993-9064-42f7-ba4c-8da87e0a197a,e696043d-d0e4-4e80-ba62-71422c07024f,ae44956e-3170-4e64-843d-418cae461df7,2026-05-25T09:16:53Z,6,,CONFIRMED,,2026-04-21T07:16:53Z,2026-05-11T04:16:53Z
55877494-b56d-462b-9691-bec08e706a02,4e0fc09d-945c-4177-82ce-fcf412b4abb1,3e839ac1-1046-4fc7-b957-e42cdb1021ae,2026-05-29T09:16:53Z,5,,COMPLETED,,2026-05-08T14:16:53Z,2026-04-29T19:16:53Z
ef90afbd-489e-47f1-af7e-8359adc6bf21,ad093831-7a88-4752-94c4-ecf9e428cd7d,e909f7b6-ceaf-4ee3-b082-c4fc1714f851,2026-05-26T09:16:53Z,4,,CANCELLED,,2026-04-20T16:16:53Z,2026-05-13T19:16:53Z
7615ab2a-1cba-4076-8a5f-f2a93c606f9a,7fe35935-f20b-456c-9efa-2d43f6c2cfae,bedf4b43-0416-45a0-862e-f75e17552c17,2026-05-26T09:16:53Z,4,,CONFIRMED,,2026-05-13T20:16:53Z,2026-05-06T05:16:53Z
579c319a-3459-43c8-965e-8c8bcd4304b0,3947d80d-072d-418e-bfab-ecc9901bd829,2149d9f0-510d-4901-a12d-e4df87498d9d,2026-05-26T09:16:53Z,2,,COMPLETED,,2026-05-01T11:16:53Z,2026-05-09T05:16:53Z
2d5317c6-4841-479e-88df-2d8e8601ebf2,4e0fc09d-945c-4177-82ce-fcf412b4abb1,d159f85e-202b-46e3-bb9d-3cce31f920b2,2026-05-21T09:16:53Z,4,,CONFIRMED,,2026-04-21T12:16:53Z,2026-05-03T05:16:53Z
76959482-cea7-4991-bd2d-cf7800c469df,523c44ae-3d9c-46e9-9313-781c724cd5c1,4228ca94-f3ec-4c8b-b628-e08882e93571,2026-05-23T09:16:53Z,6,,CONFIRMED,,2026-05-08T09:16:53Z,2026-05-01T04:16:53Z
f1ba9db9-a38e-472f-bcae-8a157a79b5d2,e696043d-d0e4-4e80-ba62-71422c07024f,61f4e40c-0ed2-4287-8b07-9d07309049e2,2026-05-28T09:16:53Z,2,,PENDING,,2026-05-05T18:16:53Z,2026-04-29T04:16:53Z
a6a8ec41-2e7a-4282-b2d6-a1f663c74bec,3d6e7710-5dc6-4ffd-b487-3462ecb614ed,56b7794d-5450-4e9e-81f3-58b71ff367ef,2026-05-22T09:16:53Z,3,,PENDING,,2026-05-05T15:16:53Z,2026-04-25T22:16:53Z
407abb24-dc2f-407d-9d69-dbb49a747f49,b30217cc-e24a-4292-ac75-f8c9c729d8d3,e7b478fc-9c55-47e8-a36a-ac56b7833f54,2026-05-27T09:16:53Z,2,,CANCELLED,,2026-05-08T10:16:53Z,2026-04-29T17:16:53Z
0cee7882-4d58-48cc-be11-a2ffd1f52182,e696043d-d0e4-4e80-ba62-71422c07024f,72dd696c-9196-46cd-8fb6-38ff060cb7ad,2026-05-22T09:16:53Z,4,,CONFIRMED,,2026-04-18T19:16:53Z,2026-04-22T23:16:53Z
2fb489a4-5c44-460c-90e0-6e1eefaef70e,bab3ed76-9710-4417-bea5-6a6d7aebd16f,df14d106-b081-44f9-8327-4465898fe525,2026-05-25T09:16:53Z,3,,CONFIRMED,,2026-05-01T19:16:53Z,2026-05-11T13:16:53Z
c26ac7b2-0ca2-4612-a664-8b061c608f63,523c44ae-3d9c-46e9-9313-781c724cd5c1,d5c3c6fc-29bb-4560-8073-93a28098387c,2026-05-20T09:16:53Z,4,,COMPLETED,,2026-05-13T23:16:53Z,2026-05-16T16:16:53Z
37762c6c-661f-44e1-be86-1f8fb624bacf,7fe35935-f20b-456c-9efa-2d43f6c2cfae,9115f685-f7cb-4e1f-b3a5-8d8323d8d162,2026-05-24T09:16:53Z,5,,CONFIRMED,,2026-04-28T04:16:53Z,2026-04-22T20:16:53Z
fe1d797c-8236-4c83-b734-15123b9d2410,ad093831-7a88-4752-94c4-ecf9e428cd7d,56b7794d-5450-4e9e-81f3-58b71ff367ef,2026-05-29T09:16:53Z,2,,PENDING,,2026-05-01T09:16:53Z,2026-05-02T12:16:53Z
e30fbdaa-dc96-4c55-9851-9e7a76dda04a,7fe35935-f20b-456c-9efa-2d43f6c2cfae,e7b478fc-9c55-47e8-a36a-ac56b7833f54,2026-05-25T09:16:53Z,4,,CANCELLED,,2026-05-10T06:16:53Z,2026-04-22T05:16:53Z
b30b27a9-c114-4f4b-b35d-2911cadd6f79,17c08498-8e05-492e-b2e4-003ad1cbe1c2,3a789878-7e85-4636-8f48-12fddf52f71f,2026-05-27T09:16:53Z,6,,COMPLETED,,2026-04-28T02:16:53Z,2026-05-12T08:16:53Z
5ea1b215-1ca5-4a66-8068-085b7ef36d82,bab3ed76-9710-4417-bea5-6a6d7aebd16f,50c82fd4-a6f2-4766-bf35-0537c77c3d2a,2026-05-22T09:16:53Z,3,,CONFIRMED,,2026-04-23T15:16:53Z,2026-04-27T21:16:53Z
0951704e-db99-421d-902f-baae8f7b38ff,3afff1c3-8ba9-43c7-be2d-8f7ce1f023ed,e4f6ff36-34f5-4ec5-a08a-69c56e9ac9b0,2026-05-29T09:16:53Z,3,,COMPLETED,,2026-05-14T18:16:53Z,2026-05-11T05:16:53Z
015cc299-7498-463b-a204-abba6608da08,e696043d-d0e4-4e80-ba62-71422c07024f,50c82fd4-a6f2-4766-bf35-0537c77c3d2a,2026-05-29T09:16:53Z,2,,COMPLETED,,2026-04-23T11:16:53Z,2026-05-10T21:16:53Z
94725f71-7c9e-4af8-8fb6-d6f4506bc1a6,d7ac1293-a3d4-4162-8c5c-5a6f3f51dbd0,82b1f50e-27e7-4096-810f-fca8b0caab9a,2026-05-20T09:16:53Z,4,,PENDING,,2026-04-26T11:16:53Z,2026-05-12T01:16:53Z
92cf45e3-4c85-4c28-b2a9-29597d3458c7,b30217cc-e24a-4292-ac75-f8c9c729d8d3,7eaf537d-cead-41f3-b19f-26b9cd04eeba,2026-05-24T09:16:53Z,5,,COMPLETED,,2026-05-04T04:16:53Z,2026-05-17T09:16:53Z
b9563f5c-375e-4b1e-8975-62a772c23ac6,257f129a-de36-403e-95ad-df3d50a23a87,a25f2c72-4869-488e-918e-3447575e25dc,2026-05-28T09:16:53Z,6,,PENDING,,2026-04-21T03:16:53Z,2026-05-13T11:16:53Z
82cabd04-f86d-4042-b58f-561dff294537,1a4bd911-3dff-4273-b053-271e8dfa7bfb,9115f685-f7cb-4e1f-b3a5-8d8323d8d162,2026-05-24T09:16:53Z,5,,PENDING,,2026-04-24T10:16:53Z,2026-05-06T16:16:53Z
30cb1d34-0a6f-4cb5-a59e-961fb297ad4a,3afff1c3-8ba9-43c7-be2d-8f7ce1f023ed,d83139cd-5c61-4e28-9ef8-dda3bb3eaac5,2026-05-28T09:16:53Z,6,,CONFIRMED,,2026-05-15T23:16:53Z,2026-05-04T13:16:53Z
82e93e1d-e472-4cc9-9522-a744e6e73409,79110d36-d940-40a0-9a64-3874c7ee9a3e,c388298f-db03-4c58-9171-f765f0fc4381,2026-05-21T09:16:53Z,5,,CANCELLED,,2026-04-24T14:16:53Z,2026-05-11T13:16:53Z
1c9a4c30-4b39-4bbc-870b-c3b049b08a65,523c44ae-3d9c-46e9-9313-781c724cd5c1,72dd696c-9196-46cd-8fb6-38ff060cb7ad,2026-05-21T09:16:53Z,6,,CANCELLED,,2026-04-22T18:16:53Z,2026-04-20T13:16:53Z
38ab3b5f-c979-4637-b914-0b1b4bf2de01,3947d80d-072d-418e-bfab-ecc9901bd829,0437c85a-ea0e-4bfb-a34a-acf718ac0025,2026-05-24T09:16:53Z,3,,COMPLETED,,2026-04-21T07:16:53Z,2026-05-09T00:16:53Z
bf3a08a6-99ed-482e-9ad8-36061430513e,79110d36-d940-40a0-9a64-3874c7ee9a3e,5c297d4b-ef79-41ca-8694-3470ef745d70,2026-05-20T09:16:53Z,3,,PENDING,,2026-04-19T15:16:53Z,2026-04-27T08:16:53Z
5cdf4be9-4470-4568-b0f8-a8b2aa1bf43c,d924362f-a1ef-42f5-96f9-a2749643b9b5,fbfcce1d-4268-4e87-86a5-1aef5ce65d2e,2026-05-23T09:16:53Z,2,,COMPLETED,,2026-04-28T20:16:53Z,2026-05-14T00:16:53Z
b0bdbdef-fdab-49e1-bb80-ec4dc00da9db,d924362f-a1ef-42f5-96f9-a2749643b9b5,9115f685-f7cb-4e1f-b3a5-8d8323d8d162,2026-05-28T09:16:53Z,4,,COMPLETED,,2026-05-15T03:16:53Z,2026-04-20T09:16:53Z
e21691b0-b66f-40d0-a0c9-97e5d8597d1b,4e0fc09d-945c-4177-82ce-fcf412b4abb1,a25f2c72-4869-488e-918e-3447575e25dc,2026-05-23T09:16:53Z,6,,CONFIRMED,,2026-04-26T07:16:53Z,2026-04-27T12:16:53Z
81e7d8ac-38d9-4c35-b588-aaeed5d93066,257f129a-de36-403e-95ad-df3d50a23a87,d5c3c6fc-29bb-4560-8073-93a28098387c,2026-05-22T09:16:53Z,6,,PENDING,,2026-05-14T23:16:53Z,2026-05-13T06:16:53Z
ef65635f-41c8-4080-9892-385f6e8e482e,17c08498-8e05-492e-b2e4-003ad1cbe1c2,df14d106-b081-44f9-8327-4465898fe525,2026-05-27T09:16:53Z,4,,CONFIRMED,,2026-04-25T21:16:53Z,2026-04-28T04:16:53Z
cf34c6a3-423c-4031-bc76-56d6a80e0394,230066f2-08c0-4049-97f0-4caa938c51f6,b77fae37-0832-4b6c-806f-77513777669e,2026-05-22T09:16:53Z,2,,CONFIRMED,,2026-05-09T22:16:53Z,2026-05-08T18:16:53Z
7f4ed644-ea52-467f-8f0d-2097c94377a9,1a4bd911-3dff-4273-b053-271e8dfa7bfb,11dd8d6c-4a3f-42b8-83ce-05f182f5f5bf,2026-05-25T09:16:53Z,5,,COMPLETED,,2026-05-16T17:16:53Z,2026-04-30T06:16:53Z
2c4af5a8-9a3b-4426-bc9c-fba81b7e7402,85d2faff-3df5-4cc2-872a-f7837b1b7ee2,4228ca94-f3ec-4c8b-b628-e08882e93571,2026-05-26T09:16:53Z,3,,CONFIRMED,,2026-05-16T07:16:53Z,2026-05-10T10:16:53Z
b36a7111-37bf-4e2f-a1fc-f2c4f1b60b86,ad093831-7a88-4752-94c4-ecf9e428cd7d,fbfcce1d-4268-4e87-86a5-1aef5ce65d2e,2026-05-27T09:16:53Z,4,,CANCELLED,,2026-04-25T17:16:53Z,2026-05-05T18:16:53Z
222a2979-37f0-496c-8ede-fd6ba249831b,8e0b13e8-25c3-413c-98ce-00524e1550f4,9115f685-f7cb-4e1f-b3a5-8d8323d8d162,2026-05-29T09:16:53Z,3,,CONFIRMED,,2026-04-18T18:16:53Z,2026-04-28T07:16:53Z
5ce05e12-7f4c-477d-8fb1-c701a209c132,3afff1c3-8ba9-43c7-be2d-8f7ce1f023ed,72dd696c-9196-46cd-8fb6-38ff060cb7ad,2026-05-23T09:16:53Z,5,,PENDING,,2026-05-12T01:16:53Z,2026-05-14T13:16:53Z
d985d1c5-e63e-41d6-ac60-97b9b74f7546,523c44ae-3d9c-46e9-9313-781c724cd5c1,04fdbdc0-e134-4e9a-8c8f-011dea3649e9,2026-05-21T09:16:53Z,6,,PENDING,,2026-05-17T00:16:53Z,2026-04-29T20:16:53Z
7317497a-e2ca-4bab-892e-b495dbf9eece,3d6e7710-5dc6-4ffd-b487-3462ecb614ed,e4f6ff36-34f5-4ec5-a08a-69c56e9ac9b0,2026-05-25T09:16:53Z,5,,CANCELLED,,2026-05-04T10:16:53Z,2026-05-04T04:16:53Z
1ab784b7-291c-4722-bbf6-d38b348c6042,1a4bd911-3dff-4273-b053-271e8dfa7bfb,fbfcce1d-4268-4e87-86a5-1aef5ce65d2e,2026-05-25T09:16:53Z,5,,COMPLETED,,2026-04-24T13:16:53Z,2026-05-12T19:16:53Z
0a421913-0cea-46a3-a385-31287e463772,4e0fc09d-945c-4177-82ce-fcf412b4abb1,9115f685-f7cb-4e1f-b3a5-8d8323d8d162,2026-05-25T09:16:53Z,6,,CONFIRMED,,2026-05-04T11:16:53Z,2026-04-23T01:16:53Z
a60bfeab-77d9-4ee2-9942-2dce4dc6392b,3afff1c3-8ba9-43c7-be2d-8f7ce1f023ed,f3d1139f-4bc0-4ac8-8178-73db94263aae,2026-05-26T09:16:53Z,5,,CONFIRMED,,2026-05-17T23:16:53Z,2026-04-23T09:16:53Z
373c335c-56ec-496e-b7ab-970818df0eac,17c08498-8e05-492e-b2e4-003ad1cbe1c2,3a789878-7e85-4636-8f48-12fddf52f71f,2026-05-21T09:16:53Z,2,,CANCELLED,,2026-04-20T03:16:53Z,2026-05-12T16:16:53Z
336cfd3e-7a11-4180-a594-d1b8ff198a1e,4e0fc09d-945c-4177-82ce-fcf412b4abb1,d159f85e-202b-46e3-bb9d-3cce31f920b2,2026-05-23T09:16:53Z,5,,CONFIRMED,,2026-05-05T20:16:53Z,2026-04-24T01:16:53Z
20fff237-9560-47f6-85c4-3068e6130409,79110d36-d940-40a0-9a64-3874c7ee9a3e,ae44956e-3170-4e64-843d-418cae461df7,2026-05-29T09:16:53Z,6,,CONFIRMED,,2026-05-12T17:16:53Z,2026-04-20T16:16:53Z
1924174e-bcc4-4db1-ae7b-22ff3a7f9197,b30217cc-e24a-4292-ac75-f8c9c729d8d3,34ddcfa4-8895-4e55-bf2b-21f147acf9a0,2026-05-21T09:16:53Z,5,,CANCELLED,,2026-05-11T21:16:53Z,2026-05-03T10:16:53Z
59b85f01-8832-4fa0-81ae-6e43dcc26c42,17c08498-8e05-492e-b2e4-003ad1cbe1c2,f3d1139f-4bc0-4ac8-8178-73db94263aae,2026-05-26T09:16:53Z,4,,CANCELLED,,2026-04-20T20:16:53Z,2026-05-01T00:16:53Z
5887e30c-6a38-43df-a838-56605c70d46b,3afff1c3-8ba9-43c7-be2d-8f7ce1f023ed,d83139cd-5c61-4e28-9ef8-dda3bb3eaac5,2026-05-22T09:16:53Z,2,,PENDING,,2026-04-18T12:16:53Z,2026-05-01T20:16:53Z
a7499258-a63e-4593-bfc9-1e4bd67bd5f7,230066f2-08c0-4049-97f0-4caa938c51f6,34ddebe3-700c-4f44-8fb5-13a9e4db0c77,2026-05-22T09:16:53Z,5,,PENDING,,2026-05-05T20:16:53Z,2026-05-13T00:16:53Z
dd0a19e0-b536-43c9-8789-ba6e3aaed78c,523c44ae-3d9c-46e9-9313-781c724cd5c1,34ddebe3-700c-4f44-8fb5-13a9e4db0c77,2026-05-26T09:16:53Z,5,,COMPLETED,,2026-05-13T10:16:53Z,2026-04-20T04:16:53Z
412aeebe-0a91-4b2e-bf91-e66407cd077f,79110d36-d940-40a0-9a64-3874c7ee9a3e,b898caa4-dc3d-47ed-9f6a-f43279609730,2026-05-27T09:16:53Z,4,,PENDING,,2026-04-24T15:16:53Z,2026-05-04T00:16:53Z
bf88a72e-6c94-4776-904a-d3c97537a1b1,230066f2-08c0-4049-97f0-4caa938c51f6,11dd8d6c-4a3f-42b8-83ce-05f182f5f5bf,2026-05-20T09:16:53Z,6,,COMPLETED,,2026-04-30T09:16:53Z,2026-05-03T05:16:53Z
12bc87f5-ae98-4bf3-8abe-b96906f29e65,b30217cc-e24a-4292-ac75-f8c9c729d8d3,cecb0cee-b012-4cd5-b63b-649dd5836558,2026-05-29T09:16:53Z,3,,PENDING,,2026-04-23T13:16:53Z,2026-05-05T02:16:53Z
ad91018e-a5ce-4ad7-ba53-a98fe3350ef7,ad093831-7a88-4752-94c4-ecf9e428cd7d,248bdbdf-9236-4240-a4e2-af009a22c829,2026-05-28T09:16:53Z,2,,CANCELLED,,2026-04-19T08:16:53Z,2026-04-25T17:16:53Z
021e21bb-4715-4b4a-a6a3-465c06fdfeeb,1a4bd911-3dff-4273-b053-271e8dfa7bfb,6eff06ca-c52d-4482-bf85-d5370a998d33,2026-05-24T09:16:53Z,3,,COMPLETED,,2026-04-30T18:16:53Z,2026-04-23T09:16:53Z
c50e48cb-22f8-4b17-b5a2-341794047205,85d2faff-3df5-4cc2-872a-f7837b1b7ee2,d83139cd-5c61-4e28-9ef8-dda3bb3eaac5,2026-05-27T09:16:53Z,3,,CONFIRMED,,2026-04-24T13:16:53Z,2026-05-14T03:16:53Z
cfeba5aa-2801-4ec8-8475-07ba1a11a6e1,d7ac1293-a3d4-4162-8c5c-5a6f3f51dbd0,3a789878-7e85-4636-8f48-12fddf52f71f,2026-05-22T09:16:53Z,4,,COMPLETED,,2026-05-11T00:16:53Z,2026-05-01T00:16:53Z
7a239e07-444b-42f1-b732-e18e2ac8707d,3afff1c3-8ba9-43c7-be2d-8f7ce1f023ed,3a9a9664-9664-4676-a52d-0c703e9161fb,2026-05-25T09:16:53Z,4,,PENDING,,2026-05-03T02:16:53Z,2026-05-05T20:16:53Z
105ce5f0-da99-4be5-b4ba-ec23e64fdfe7,1a4bd911-3dff-4273-b053-271e8dfa7bfb,8fea7445-4c7f-48be-b69e-309f1bdcc4c5,2026-05-25T09:16:53Z,3,,PENDING,,2026-04-25T07:16:53Z,2026-04-29T21:16:53Z
1458720a-7505-4b3f-9a7a-065ae26ae8e2,230066f2-08c0-4049-97f0-4caa938c51f6,6afb625f-a216-4c23-b037-bf4547348ddd,2026-05-24T09:16:53Z,5,,CANCELLED,,2026-04-24T04:16:53Z,2026-04-25T09:16:53Z
7512f1b0-cf74-4fda-8c9c-9e9bc9e6f537,8e0b13e8-25c3-413c-98ce-00524e1550f4,3e839ac1-1046-4fc7-b957-e42cdb1021ae,2026-05-23T09:16:53Z,2,,CONFIRMED,,2026-05-09T09:16:53Z,2026-04-20T12:16:53Z
f3cfc717-6f65-4284-b10e-8862dd0a80bb,4e0fc09d-945c-4177-82ce-fcf412b4abb1,8dd0953c-5923-4748-9652-5a10f3a2c894,2026-05-20T09:16:53Z,3,,CONFIRMED,,2026-05-18T09:16:53Z,2026-04-20T12:16:53Z
14b07acf-daa8-4395-a0c3-82a45d7576c6,a906664d-680c-45e7-8a06-741b48fe4f16,3e839ac1-1046-4fc7-b957-e42cdb1021ae,2026-05-20T09:16:53Z,6,,CANCELLED,,2026-04-28T07:16:53Z,2026-05-07T18:16:53Z
0725cf9b-8cdd-42e8-b2fe-ad7159641245,523c44ae-3d9c-46e9-9313-781c724cd5c1,2d8a8fff-25d0-4cec-825a-c2e9021fd542,2026-05-26T09:16:53Z,6,,PENDING,,2026-05-02T21:16:53Z,2026-05-16T08:16:53Z
e5e7a620-6f06-404d-844c-4db8a53ef91d,ad32be5d-370a-42b9-8955-4872abd3dc91,e4f6ff36-34f5-4ec5-a08a-69c56e9ac9b0,2026-05-28T09:16:53Z,3,,CANCELLED,,2026-04-22T11:16:53Z,2026-04-29T01:16:53Z
1d35cec3-f753-42dc-8356-100e9d6d4e8e,e696043d-d0e4-4e80-ba62-71422c07024f,72dd696c-9196-46cd-8fb6-38ff060cb7ad,2026-05-23T09:16:53Z,6,,CANCELLED,,2026-05-06T06:16:53Z,2026-05-07T00:16:53Z
05598721-4de1-47b5-80bf-c8a884691235,a906664d-680c-45e7-8a06-741b48fe4f16,2149d9f0-510d-4901-a12d-e4df87498d9d,2026-05-26T09:16:53Z,3,,COMPLETED,,2026-05-04T03:16:53Z,2026-05-15T09:16:53Z
e6b2b278-ccbf-4db5-b99c-3aa61712cc8f,b30217cc-e24a-4292-ac75-f8c9c729d8d3,fbfcce1d-4268-4e87-86a5-1aef5ce65d2e,2026-05-20T09:16:53Z,4,,COMPLETED,,2026-05-15T07:16:53Z,2026-05-02T18:16:53Z
45f264e5-977a-4def-b2d5-2ec7277af7da,3d6e7710-5dc6-4ffd-b487-3462ecb614ed,6eff06ca-c52d-4482-bf85-d5370a998d33,2026-05-29T09:16:53Z,2,,CANCELLED,,2026-05-12T11:16:53Z,2026-05-11T11:16:53Z
b342f5df-4840-41b3-a94b-77da2daca965,3afff1c3-8ba9-43c7-be2d-8f7ce1f023ed,0d4286ac-25f3-44f3-b627-6c27c02a9e16,2026-05-23T09:16:53Z,2,,CONFIRMED,,2026-04-21T09:16:53Z,2026-05-01T11:16:53Z
889821c3-8aef-49ad-ab57-8e322343da1c,b30217cc-e24a-4292-ac75-f8c9c729d8d3,11dd8d6c-4a3f-42b8-83ce-05f182f5f5bf,2026-05-29T09:16:53Z,5,,PENDING,,2026-04-24T14:16:53Z,2026-05-06T02:16:53Z
9d33656f-948e-4ec9-888b-60bec0403792,ad093831-7a88-4752-94c4-ecf9e428cd7d,8fea7445-4c7f-48be-b69e-309f1bdcc4c5,2026-05-27T09:16:53Z,2,,PENDING,,2026-05-02T14:16:53Z,2026-05-03T14:16:53Z
b8b9dcef-ead4-4805-b2b6-abcd8321eed2,85d2faff-3df5-4cc2-872a-f7837b1b7ee2,782d34b8-a6de-4def-baa1-1178a252ede8,2026-05-27T09:16:53Z,2,,COMPLETED,,2026-04-18T10:16:53Z,2026-05-04T09:16:53Z
278653f3-bae2-4931-bfe1-1cc3bc496c80,0370a9ca-d12d-45ff-b8c5-2635fa6315ad,d83139cd-5c61-4e28-9ef8-dda3bb3eaac5,2026-05-29T09:16:53Z,2,,CANCELLED,,2026-05-11T12:16:53Z,2026-05-06T20:16:53Z
d05697be-737c-4d6c-9b99-bcf52b2d8c49,b30217cc-e24a-4292-ac75-f8c9c729d8d3,d5c3c6fc-29bb-4560-8073-93a28098387c,2026-05-20T09:16:53Z,4,,CONFIRMED,,2026-05-18T07:16:53Z,2026-05-16T13:16:53Z
cefcc3d2-fa46-4a61-9546-539022eb2518,90ebf0b3-55bf-466a-a74f-8cace6e7aa3e,bedf4b43-0416-45a0-862e-f75e17552c17,2026-05-29T09:16:53Z,4,,CONFIRMED,,2026-05-09T11:16:53Z,2026-04-22T22:16:53Z
88037b15-c906-43a7-97e7-b0d22120fb21,a906664d-680c-45e7-8a06-741b48fe4f16,d5c3c6fc-29bb-4560-8073-93a28098387c,2026-05-25T09:16:53Z,5,,CANCELLED,,2026-05-01T22:16:53Z,2026-05-01T16:16:53Z
b2eed616-39dd-488c-93d5-aefe8ed0435f,3d6e7710-5dc6-4ffd-b487-3462ecb614ed,1b06312a-1520-48c7-b968-a0b82d2dc847,2026-05-26T09:16:53Z,2,,COMPLETED,,2026-05-16T17:16:53Z,2026-05-16T17:16:53Z
f0520acf-2121-4be5-82fd-c894fdb36df6,7fe35935-f20b-456c-9efa-2d43f6c2cfae,6eff06ca-c52d-4482-bf85-d5370a998d33,2026-05-20T09:16:53Z,4,,CONFIRMED,,2026-04-18T21:16:53Z,2026-05-11T16:16:53Z
