restaurant_id,owner_id,name,description,address,latitude,longitude,phone,opening_hours,price_range,rating_avg,approval_status,is_active,created_at,updated_at
5c297d4b-ef79-41ca-8694-3470ef745d70,206b92fb-c1ba-4636-9e82-7f86731473c1,Cà Phê Du Miên,Cà Phê Du Miên - Chuyên phục vụ các món quán nhậu ngon và chất lượng.,"TP. Hồ Chí Minh, Việt Nam",10.7923386,106.6760528,903247772,"{""mon"":""08:00-22:00"", ""sun"":""08:00-22:00""}",500000 - 1000000,4.4,APPROVED,True,2026-05-03T14:16:53Z,2026-04-26T09:16:53Z
e909f7b6-ceaf-4ee3-b082-c4fc1714f851,068649d9-26c5-4dca-871b-d50921326620,Haly Coffee,Haly Coffee - Chuyên phục vụ các món nhà hàng chay ngon và chất lượng.,"TP. Hồ Chí Minh, Việt Nam",10.7782478,106.7510493,907730687,"{""mon"":""08:00-22:00"", ""sun"":""08:00-22:00""}",50000 - 100000,4.7,APPROVED,True,2026-04-22T14:16:53Z,2026-05-13T09:16:53Z
d83139cd-5c61-4e28-9ef8-dda3bb3eaac5,2461607f-314c-413e-abc8-408a9f91e7be,Khách Sạn Quang Trung 2,Khách Sạn Quang Trung 2 - Chuyên phục vụ các món hàn quốc ngon và chất lượng.,"TP. Hồ Chí Minh, Việt Nam",10.8420194,106.6436402,905223191,"{""mon"":""08:00-22:00"", ""sun"":""08:00-22:00""}",200000 - 500000,4.9,APPROVED,True,2026-05-09T01:16:53Z,2026-05-17T23:16:53Z
61f4e40c-0ed2-4287-8b07-9d07309049e2,2312ad7a-5dfa-422a-a97a-4a731d7048a3,Công viên Chánh Hưng,Công viên Chánh Hưng - Chuyên phục vụ các món trà sữa ngon và chất lượng.,"TP. Hồ Chí Minh, Việt Nam",10.7352702,106.6690506,905083120,"{""mon"":""08:00-22:00"", ""sun"":""08:00-22:00""}",30000 - 50000,4.7,APPROVED,True,2026-04-28T15:16:53Z,2026-04-24T02:16:53Z
1ba7bf82-6779-4950-847e-353aa519843a,d94fcf57-afd5-4ff6-aa66-86f6b36392de,Bạch Dương,Bạch Dương - Chuyên phục vụ các món trà sữa ngon và chất lượng.,"TP. Hồ Chí Minh, Việt Nam",10.3532754,107.0774185,905404033,"{""mon"":""08:00-22:00"", ""sun"":""08:00-22:00""}",50000 - 100000,3.6,APPROVED,True,2026-05-13T12:16:53Z,2026-05-14T05:16:53Z
e7b478fc-9c55-47e8-a36a-ac56b7833f54,a4be6812-915f-4ff5-a78a-7b4acb1340c6,Hồng Trà Tuổi Thơ T007,Hồng Trà Tuổi Thơ T007 - Chuyên phục vụ các món hàn quốc ngon và chất lượng.,"TP. Hồ Chí Minh, Việt Nam",10.8489546,106.6788071,901648241,"{""mon"":""08:00-22:00"", ""sun"":""08:00-22:00""}",50000 - 100000,4.6,APPROVED,True,2026-05-13T22:16:53Z,2026-05-02T09:16:53Z
248bdbdf-9236-4240-a4e2-af009a22c829,f667cc49-62fe-49af-9fd9-15a9bac3cc29,Quán cà phê Thiên,Quán cà phê Thiên - Chuyên phục vụ các món nhà hàng ngon và chất lượng.,"TP. Hồ Chí Minh, Việt Nam",10.8675319,106.6815854,907069731,"{""mon"":""08:00-22:00"", ""sun"":""08:00-22:00""}",500000 - 1000000,4.8,APPROVED,True,2026-04-29T04:16:53Z,2026-04-29T11:16:53Z
9115f685-f7cb-4e1f-b3a5-8d8323d8d162,0052d59c-70be-4f53-b40d-cb52d7b8843e,thiên nhiên,thiên nhiên - Chuyên phục vụ các món quán ăn nhỏ ngon và chất lượng.,"TP. Hồ Chí Minh, Việt Nam",10.8651614,106.6487404,901841756,"{""mon"":""08:00-22:00"", ""sun"":""08:00-22:00""}",100000 - 200000,4.6,APPROVED,True,2026-05-03T18:16:53Z,2026-05-15T04:16:53Z
2149d9f0-510d-4901-a12d-e4df87498d9d,588274fe-23c7-4419-aa4c-dc00c47865ce,宇奈とと,宇奈とと - Chuyên phục vụ các món quán ăn nhỏ ngon và chất lượng.,"TP. Hồ Chí Minh, Việt Nam",10.7725346,106.6957833,901037662,"{""mon"":""08:00-22:00"", ""sun"":""08:00-22:00""}",500000 - 1000000,3.8,APPROVED,True,2026-05-12T18:16:53Z,2026-05-12T16:16:53Z
34ddebe3-700c-4f44-8fb5-13a9e4db0c77,42f41a3d-148a-440e-9345-dabe165e5dfe,Prince Hotel Saigon,Prince Hotel Saigon - Chuyên phục vụ các món quán nhậu ngon và chất lượng.,"TP. Hồ Chí Minh, Việt Nam",10.7729368,106.7040731,901139960,"{""mon"":""08:00-22:00"", ""sun"":""08:00-22:00""}",500000 - 1000000,3.8,APPROVED,True,2026-04-28T00:16:53Z,2026-04-27T16:16:53Z
50c82fd4-a6f2-4766-bf35-0537c77c3d2a,80822335-6f3a-4a6c-bfd4-c80013e2f871,Sherwood Suites,Sherwood Suites - Chuyên phục vụ các món nhà hàng ngon và chất lượng.,"TP. Hồ Chí Minh, Việt Nam",10.782464,106.6924284,902460765,"{""mon"":""08:00-22:00"", ""sun"":""08:00-22:00""}",200000 - 500000,4.7,APPROVED,True,2026-04-21T19:16:53Z,2026-04-26T20:16:53Z
4228ca94-f3ec-4c8b-b628-e08882e93571,2d6d9739-d6b0-4c9f-90a1-606b57dbc044,Hilton Saigon,Hilton Saigon - Chuyên phục vụ các món quán ăn nhỏ ngon và chất lượng.,"TP. Hồ Chí Minh, Việt Nam",10.7750613,106.7057003,908739276,"{""mon"":""08:00-22:00"", ""sun"":""08:00-22:00""}",100000 - 200000,3.6,APPROVED,True,2026-05-07T06:16:53Z,2026-05-02T08:16:53Z
6eff06ca-c52d-4482-bf85-d5370a998d33,38fb3e86-a34f-47c0-a92b-cfb021c13043,Agra Mahal,Agra Mahal - Chuyên phục vụ các món quán ăn nhỏ ngon và chất lượng.,"TP. Hồ Chí Minh, Việt Nam",10.7327754,106.7088313,908400668,"{""mon"":""08:00-22:00"", ""sun"":""08:00-22:00""}",500000 - 1000000,4.6,APPROVED,True,2026-05-14T05:16:53Z,2026-05-13T15:16:53Z
0c9ea858-f40f-4042-a6ee-cda02d9fe9ce,03c3d0a9-172a-48fb-b9d4-95ee377c847f,Cà Phê Milano,Cà Phê Milano - Chuyên phục vụ các món hàn quốc ngon và chất lượng.,"TP. Hồ Chí Minh, Việt Nam",10.7799029,106.6843953,906511458,"{""mon"":""08:00-22:00"", ""sun"":""08:00-22:00""}",50000 - 100000,4.5,APPROVED,True,2026-04-21T17:16:53Z,2026-04-25T17:16:53Z
7eaf537d-cead-41f3-b19f-26b9cd04eeba,7d0372d8-c161-4bfa-bed6-79222cf36015,Bãi Cỏ - Trần Nhân Tôn,Bãi Cỏ - Trần Nhân Tôn - Chuyên phục vụ các món quán ăn nhỏ ngon và chất lượng.,"TP. Hồ Chí Minh, Việt Nam",10.7620131,106.6750724,905923845,"{""mon"":""08:00-22:00"", ""sun"":""08:00-22:00""}",30000 - 50000,4.7,APPROVED,True,2026-05-11T03:16:53Z,2026-05-02T21:16:53Z
fbfcce1d-4268-4e87-86a5-1aef5ce65d2e,1e6ef68b-a40d-4657-ae31-66ff35a135f9,Nhà Hàng Món Huế,Nhà Hàng Món Huế - Chuyên phục vụ các món nhật bản ngon và chất lượng.,"TP. Hồ Chí Minh, Việt Nam",10.7890805,106.6905927,902437945,"{""mon"":""08:00-22:00"", ""sun"":""08:00-22:00""}",100000 - 200000,4.7,APPROVED,True,2026-05-06T03:16:53Z,2026-04-21T13:16:53Z
2d8a8fff-25d0-4cec-825a-c2e9021fd542,e5b2efab-ff88-4114-8a60-7cb0e2c40b77,Quán Cà Phê Vừng Ơi Mở Ra,Quán Cà Phê Vừng Ơi Mở Ra - Chuyên phục vụ các món món ăn nhanh ngon và chất lượng.,"TP. Hồ Chí Minh, Việt Nam",10.7808812,106.6901913,906623091,"{""mon"":""08:00-22:00"", ""sun"":""08:00-22:00""}",500000 - 1000000,4.3,APPROVED,True,2026-04-30T02:16:53Z,2026-04-30T18:16:53Z
8fea7445-4c7f-48be-b69e-309f1bdcc4c5,da4331af-174e-4797-974d-15b5d61c4521,Khách Sạn Platinum,Khách Sạn Platinum - Chuyên phục vụ các món nhà hàng chay ngon và chất lượng.,"TP. Hồ Chí Minh, Việt Nam",10.7719161,106.6955768,902299513,"{""mon"":""08:00-22:00"", ""sun"":""08:00-22:00""}",200000 - 500000,4.9,APPROVED,True,2026-05-03T02:16:53Z,2026-05-13T23:16:53Z
6afb625f-a216-4c23-b037-bf4547348ddd,7cd45ac5-a405-4fd4-a623-b2cea0abd7ab,Nhà Hàng Yeebo,Nhà Hàng Yeebo - Chuyên phục vụ các món quán nhậu ngon và chất lượng.,"TP. Hồ Chí Minh, Việt Nam",10.7249731,106.7199337,903902763,"{""mon"":""08:00-22:00"", ""sun"":""08:00-22:00""}",200000 - 500000,4.2,APPROVED,True,2026-05-10T11:16:53Z,2026-04-23T05:16:53Z
845968f0-a7b5-4216-b018-6de1569f620e,3322559a-1fa4-4c1e-bb6c-2c9afcf7a6cc,Vung Tau P&T,Vung Tau P&T - Chuyên phục vụ các món trà sữa ngon và chất lượng.,"TP. Hồ Chí Minh, Việt Nam",10.3410652,107.0742642,908020157,"{""mon"":""08:00-22:00"", ""sun"":""08:00-22:00""}",100000 - 200000,4.0,APPROVED,True,2026-04-30T00:16:53Z,2026-04-28T12:16:53Z
56b7794d-5450-4e9e-81f3-58b71ff367ef,989a4940-ee37-4b9e-8310-de08af783a45,Kôphin Coffee,Kôphin Coffee - Chuyên phục vụ các món cà phê ngon và chất lượng.,"TP. Hồ Chí Minh, Việt Nam",10.8855356,106.7824304,907944564,"{""mon"":""08:00-22:00"", ""sun"":""08:00-22:00""}",50000 - 100000,3.9,APPROVED,True,2026-05-07T07:16:53Z,2026-04-25T20:16:53Z
7c87765d-7009-4e47-8f89-222dfe02a037,22adebc1-a155-4ae9-bc4b-e98eecde71b2,Shanti Veggie – Nhà Hàng Chay,Shanti Veggie – Nhà Hàng Chay - Chuyên phục vụ các món trà sữa ngon và chất lượng.,"TP. Hồ Chí Minh, Việt Nam",10.7699832,106.6867286,907443818,"{""mon"":""08:00-22:00"", ""sun"":""08:00-22:00""}",200000 - 500000,4.1,APPROVED,True,2026-05-09T05:16:53Z,2026-05-02T08:16:53Z
8dd0953c-5923-4748-9652-5a10f3a2c894,70f6da3b-5ae2-43a7-bd13-fdf439824515,Tasiki BBQ,Tasiki BBQ - Chuyên phục vụ các món trà sữa ngon và chất lượng.,"TP. Hồ Chí Minh, Việt Nam",10.7704885,106.6698605,909515875,"{""mon"":""08:00-22:00"", ""sun"":""08:00-22:00""}",30000 - 50000,5.0,APPROVED,True,2026-05-04T07:16:53Z,2026-04-21T14:16:53Z
82b1f50e-27e7-4096-810f-fca8b0caab9a,3f0f1d2e-019f-41b3-a9e5-475e71033aab,Địa đạo Phú Thọ Hòa,Địa đạo Phú Thọ Hòa - Chuyên phục vụ các món cà phê ngon và chất lượng.,"TP. Hồ Chí Minh, Việt Nam",10.783678,106.6309697,904517953,"{""mon"":""08:00-22:00"", ""sun"":""08:00-22:00""}",100000 - 200000,5.0,APPROVED,True,2026-05-04T23:16:53Z,2026-04-22T13:16:53Z
e4f6ff36-34f5-4ec5-a08a-69c56e9ac9b0,19b7e36b-ab0e-45ca-a218-bd2475697c49,Quán Cà Phê Hanover,Quán Cà Phê Hanover - Chuyên phục vụ các món nhà hàng ngon và chất lượng.,"TP. Hồ Chí Minh, Việt Nam",10.827167,106.7228547,904165686,"{""mon"":""08:00-22:00"", ""sun"":""08:00-22:00""}",100000 - 200000,4.5,APPROVED,True,2026-05-12T20:16:53Z,2026-05-16T03:16:53Z
df607804-275a-4168-839a-fe6455868469,2c5d4826-9567-4ac6-9cdc-ddc1645c9549,Milano,Milano - Chuyên phục vụ các món nhật bản ngon và chất lượng.,"TP. Hồ Chí Minh, Việt Nam",10.3396712,107.0723868,909477975,"{""mon"":""08:00-22:00"", ""sun"":""08:00-22:00""}",100000 - 200000,4.1,APPROVED,True,2026-05-16T08:16:53Z,2026-04-30T21:16:53Z
0437c85a-ea0e-4bfb-a34a-acf718ac0025,c36e0dc3-a379-4b1e-b862-71ce4dc9568d,KFC,KFC - Chuyên phục vụ các món nhà hàng ngon và chất lượng.,"TP. Hồ Chí Minh, Việt Nam",10.7641045,106.6871413,901532659,"{""mon"":""08:00-22:00"", ""sun"":""08:00-22:00""}",50000 - 100000,4.2,APPROVED,True,2026-04-25T19:16:53Z,2026-05-15T13:16:53Z
ae44956e-3170-4e64-843d-418cae461df7,727ff151-0bab-46ab-a907-74c0312795b7,Starbucks Coffee -  Chung Cư Hưng Phúc,Starbucks Coffee -  Chung Cư Hưng Phúc - Chuyên phục vụ các món quán nhậu ngon và chất lượng.,"TP. Hồ Chí Minh, Việt Nam",10.717551,106.7283425,908853938,"{""mon"":""08:00-22:00"", ""sun"":""08:00-22:00""}",100000 - 200000,4.0,APPROVED,True,2026-04-28T17:16:53Z,2026-05-12T23:16:53Z
c388298f-db03-4c58-9171-f765f0fc4381,a5da7378-343d-4b7b-a33e-6f68f5f8e0a0,Lotteria,Lotteria - Chuyên phục vụ các món cà phê ngon và chất lượng.,"TP. Hồ Chí Minh, Việt Nam",10.7639214,106.7046195,903113113,"{""mon"":""08:00-22:00"", ""sun"":""08:00-22:00""}",500000 - 1000000,4.1,APPROVED,True,2026-05-13T12:16:53Z,2026-04-18T20:16:53Z
f3d1139f-4bc0-4ac8-8178-73db94263aae,2e1f9a04-9c2f-4e77-8e93-4e4a0f27516e,Cà Phê Egg,Cà Phê Egg - Chuyên phục vụ các món cà phê ngon và chất lượng.,"TP. Hồ Chí Minh, Việt Nam",10.7665192,106.6920803,905878672,"{""mon"":""08:00-22:00"", ""sun"":""08:00-22:00""}",200000 - 500000,4.0,APPROVED,True,2026-05-09T11:16:53Z,2026-04-30T20:16:53Z
b77fae37-0832-4b6c-806f-77513777669e,10599474-5cbd-4a27-8019-4d6d1ac22727,Nhà Hàng Bamboo Dimsum,Nhà Hàng Bamboo Dimsum - Chuyên phục vụ các món nhà hàng chay ngon và chất lượng.,"TP. Hồ Chí Minh, Việt Nam",10.7430828,106.6128162,902042945,"{""mon"":""08:00-22:00"", ""sun"":""08:00-22:00""}",500000 - 1000000,3.7,APPROVED,True,2026-04-22T10:16:53Z,2026-05-03T12:16:53Z
1b06312a-1520-48c7-b968-a0b82d2dc847,63f1063f-65d2-472a-8656-ab522df90dba,Down Under,Down Under - Chuyên phục vụ các món nhà hàng ngon và chất lượng.,"TP. Hồ Chí Minh, Việt Nam",10.3365652,107.0813073,907728528,"{""mon"":""08:00-22:00"", ""sun"":""08:00-22:00""}",500000 - 1000000,3.7,APPROVED,True,2026-04-18T17:16:53Z,2026-05-07T05:16:53Z
3a789878-7e85-4636-8f48-12fddf52f71f,6035dfff-b808-4f85-a3fb-01d6e02cb63c,Bánh Canh Cá Lóc Bún Riêu Cô Ba Miền Tây,Bánh Canh Cá Lóc Bún Riêu Cô Ba Miền Tây - Chuyên phục vụ các món quán nhậu ngon và chất lượng.,"TP. Hồ Chí Minh, Việt Nam",10.7892886,106.7532915,902139758,"{""mon"":""08:00-22:00"", ""sun"":""08:00-22:00""}",100000 - 200000,4.6,APPROVED,True,2026-04-29T10:16:53Z,2026-05-08T21:16:53Z
df14d106-b081-44f9-8327-4465898fe525,f49ce7da-30a6-4ecc-8fe0-27fce84dee68,Quán Bụi,Quán Bụi - Chuyên phục vụ các món nhật bản ngon và chất lượng.,"TP. Hồ Chí Minh, Việt Nam",10.7725831,106.6965385,903413542,"{""mon"":""08:00-22:00"", ""sun"":""08:00-22:00""}",100000 - 200000,3.9,APPROVED,True,2026-04-23T05:16:53Z,2026-05-14T11:16:53Z
a25f2c72-4869-488e-918e-3447575e25dc,445bc57a-f7d0-4019-84c4-ad741e799afe,Ba Xa Ch,Ba Xa Ch - Chuyên phục vụ các món quán ăn nhỏ ngon và chất lượng.,"TP. Hồ Chí Minh, Việt Nam",10.7785214,106.6986733,903784289,"{""mon"":""08:00-22:00"", ""sun"":""08:00-22:00""}",100000 - 200000,4.4,APPROVED,True,2026-05-11T17:16:53Z,2026-04-30T06:16:53Z
782d34b8-a6de-4def-baa1-1178a252ede8,f51d774f-d3ac-41a7-bfbf-9ef6e8ec867a,Ngọc Toàn,Ngọc Toàn - Chuyên phục vụ các món nhà hàng chay ngon và chất lượng.,"TP. Hồ Chí Minh, Việt Nam",10.3505669,107.0866491,903324285,"{""mon"":""08:00-22:00"", ""sun"":""08:00-22:00""}",200000 - 500000,4.6,APPROVED,True,2026-04-28T03:16:53Z,2026-05-14T12:16:53Z
b898caa4-dc3d-47ed-9f6a-f43279609730,5b6e64a8-3c39-4ffd-9e90-c10ea214c519,BÒ TƠ QUÁN MỘC Số O1 Trường Sơn,BÒ TƠ QUÁN MỘC Số O1 Trường Sơn - Chuyên phục vụ các món quán nhậu ngon và chất lượng.,"TP. Hồ Chí Minh, Việt Nam",10.7813627,106.6627206,907114246,"{""mon"":""08:00-22:00"", ""sun"":""08:00-22:00""}",30000 - 50000,4.2,APPROVED,True,2026-04-21T22:16:53Z,2026-04-22T13:16:53Z
72dd696c-9196-46cd-8fb6-38ff060cb7ad,945a7bd8-8744-4c7f-ae5f-ecabae562664,Nhà Hàng Tê Tê & Phê Quán,Nhà Hàng Tê Tê & Phê Quán - Chuyên phục vụ các món quán ăn nhỏ ngon và chất lượng.,"TP. Hồ Chí Minh, Việt Nam",10.7888308,106.6979008,906385972,"{""mon"":""08:00-22:00"", ""sun"":""08:00-22:00""}",100000 - 200000,4.6,APPROVED,True,2026-05-16T21:16:53Z,2026-04-30T02:16:53Z
d5c3c6fc-29bb-4560-8073-93a28098387c,b63afc78-bef4-499d-98e7-ea71d2d2cbd7,Ngôi nhà số 15,Ngôi nhà số 15 - Chuyên phục vụ các món nhà hàng chay ngon và chất lượng.,"TP. Hồ Chí Minh, Việt Nam",10.3476874,107.0752871,906696465,"{""mon"":""08:00-22:00"", ""sun"":""08:00-22:00""}",500000 - 1000000,4.0,APPROVED,True,2026-05-14T08:16:53Z,2026-05-08T05:16:53Z
34ddcfa4-8895-4e55-bf2b-21f147acf9a0,e9851b9e-5e30-44a9-bee2-90005ad92724,Quán Cà Phê 6K,Quán Cà Phê 6K - Chuyên phục vụ các món quán nhậu ngon và chất lượng.,"TP. Hồ Chí Minh, Việt Nam",10.7805883,106.6436517,905783946,"{""mon"":""08:00-22:00"", ""sun"":""08:00-22:00""}",100000 - 200000,3.8,APPROVED,True,2026-05-12T21:16:53Z,2026-05-02T15:16:53Z
3e839ac1-1046-4fc7-b957-e42cdb1021ae,4056b8bc-134f-4169-8182-e93d6efb0de6,An Coffee,An Coffee - Chuyên phục vụ các món nhật bản ngon và chất lượng.,"TP. Hồ Chí Minh, Việt Nam",10.7943517,106.6856573,909500555,"{""mon"":""08:00-22:00"", ""sun"":""08:00-22:00""}",30000 - 50000,3.9,APPROVED,True,2026-05-01T22:16:53Z,2026-04-23T21:16:53Z
d159f85e-202b-46e3-bb9d-3cce31f920b2,9b1d9497-b9c3-4458-b8d8-bd263131312a,Nhà Hàng Chay Hum,Nhà Hàng Chay Hum - Chuyên phục vụ các món món ăn nhanh ngon và chất lượng.,"TP. Hồ Chí Minh, Việt Nam",10.7786518,106.6920846,905462223,"{""mon"":""08:00-22:00"", ""sun"":""08:00-22:00""}",30000 - 50000,4.3,APPROVED,True,2026-04-27T17:16:53Z,2026-05-12T13:16:53Z
04fdbdc0-e134-4e9a-8c8f-011dea3649e9,6403811d-fa56-416e-8a1c-30be97694c7c,Starbucks,Starbucks - Chuyên phục vụ các món nhà hàng chay ngon và chất lượng.,"TP. Hồ Chí Minh, Việt Nam",10.8051025,106.7518708,909974910,"{""mon"":""08:00-22:00"", ""sun"":""08:00-22:00""}",50000 - 100000,3.6,APPROVED,True,2026-04-18T19:16:53Z,2026-04-29T17:16:53Z
54adba30-9e56-4161-8ecc-a04c872b025a,0a356f17-e7a7-4f5a-9e4d-2d18a6e8e7ff,Khách Sạn 64,Khách Sạn 64 - Chuyên phục vụ các món món ăn nhanh ngon và chất lượng.,"TP. Hồ Chí Minh, Việt Nam",10.7673604,106.6937183,906806674,"{""mon"":""08:00-22:00"", ""sun"":""08:00-22:00""}",100000 - 200000,4.2,APPROVED,True,2026-04-25T22:16:53Z,2026-05-03T13:16:53Z
3a9a9664-9664-4676-a52d-0c703e9161fb,6abe454a-6d34-4b8a-a478-690f7bc6da00,Bánh Mì Xanh – Trần Hưng Đạo,Bánh Mì Xanh – Trần Hưng Đạo - Chuyên phục vụ các món trà sữa ngon và chất lượng.,"TP. Hồ Chí Minh, Việt Nam",10.7696661,106.6966121,905677696,"{""mon"":""08:00-22:00"", ""sun"":""08:00-22:00""}",100000 - 200000,4.8,APPROVED,True,2026-05-02T02:16:53Z,2026-04-28T02:16:53Z
85b50845-5211-48bb-b520-1b5b3eb7653a,f27ac94c-e10e-4b02-82ca-cb8ea0a68b2c,Công viên Làng Hoa Gò Vấp,Công viên Làng Hoa Gò Vấp - Chuyên phục vụ các món nhà hàng ngon và chất lượng.,"TP. Hồ Chí Minh, Việt Nam",10.8418657,106.6560378,907138270,"{""mon"":""08:00-22:00"", ""sun"":""08:00-22:00""}",30000 - 50000,4.3,APPROVED,True,2026-05-08T21:16:53Z,2026-05-14T12:16:53Z
bedf4b43-0416-45a0-862e-f75e17552c17,fb9a4950-3778-4cd0-85f3-f553fbac0aa2,Quán Phở Hùng,Quán Phở Hùng - Chuyên phục vụ các món món ăn nhanh ngon và chất lượng.,"TP. Hồ Chí Minh, Việt Nam",10.764853,106.6876056,903997844,"{""mon"":""08:00-22:00"", ""sun"":""08:00-22:00""}",30000 - 50000,4.0,APPROVED,True,2026-04-30T21:16:53Z,2026-04-30T21:16:53Z
cecb0cee-b012-4cd5-b63b-649dd5836558,fa1161c9-b6bf-4878-9782-2e81e5075c22,Khách Sạn Eden Garden,Khách Sạn Eden Garden - Chuyên phục vụ các món nhà hàng chay ngon và chất lượng.,"TP. Hồ Chí Minh, Việt Nam",10.768162,106.6945829,909173189,"{""mon"":""08:00-22:00"", ""sun"":""08:00-22:00""}",100000 - 200000,4.3,APPROVED,True,2026-05-13T00:16:53Z,2026-04-28T15:16:53Z
11dd8d6c-4a3f-42b8-83ce-05f182f5f5bf,880e14f5-6a7e-4643-8138-6c9122d48837,Khách sạn Đồng Khánh,Khách sạn Đồng Khánh - Chuyên phục vụ các món nhà hàng ngon và chất lượng.,"TP. Hồ Chí Minh, Việt Nam",10.7531938,106.6717631,909590103,"{""mon"":""08:00-22:00"", ""sun"":""08:00-22:00""}",100000 - 200000,3.7,APPROVED,True,2026-04-27T03:16:53Z,2026-04-20T20:16:53Z
0d4286ac-25f3-44f3-b627-6c27c02a9e16,5bfa8593-4f71-4281-86e5-445e776cb002,Rainbow Bar,Rainbow Bar - Chuyên phục vụ các món món ăn nhanh ngon và chất lượng.,"TP. Hồ Chí Minh, Việt Nam",10.3388191,107.0718554,908673900,"{""mon"":""08:00-22:00"", ""sun"":""08:00-22:00""}",500000 - 1000000,4.7,APPROVED,True,2026-05-03T01:16:53Z,2026-05-06T11:16:53Z
